county_desc,reg_DEM,reg_Other,reg_REP,reg_Total,turn_DEM,turn_Other,turn_REP,turn_Total,ab_DEM,ab_Other,ab_REP,ab_Total,DEM%_of_registrants,REP%_of_registrants,Other%_of_registrants,%DEM_voting,%REP_voting,%Other_voting,DEM%_of_AB,REP%_of_AB,Other%_of_AB,DEM%_of_votes,REP%_of_votes,Other%_of_votes,DEM_votes%-reg%,REP_votes%-reg%,Other_votes%-reg%
ALAMANCE,-306.0,6975.0,3136.0,9805.0,2746.0,7072.0,5039.0,14857.0,8032.0,9542.0,8913.0,26487.0,-3.729999999999997,-0.07000000000000028,3.789999999999999,7.540000000000006,7.159999999999997,7.530000000000001,-4.400000000000006,-0.4099999999999966,4.809999999999999,-3.490000000000002,-0.37000000000000455,3.849999999999998,0.23999999999999488,-0.30000000000000426,0.05999999999999872
ALEXANDER,-1447.0,947.0,1027.0,527.0,-688.0,1126.0,1453.0,1891.0,55.0,1482.0,2321.0,3858.0,-6.369999999999997,3.1799999999999997,3.1799999999999997,6.969999999999999,5.25,5.780000000000001,-5.540000000000003,2.9200000000000017,2.620000000000001,-5.77,2.729999999999997,3.039999999999999,0.5999999999999979,-0.45000000000000284,-0.14000000000000057
ALLEGHANY,-655.0,370.0,427.0,142.0,-265.0,449.0,563.0,747.0,43.0,544.0,713.0,1300.0,-9.309999999999995,4.970000000000006,4.340000000000003,9.349999999999994,7.640000000000001,8.439999999999998,-9.010000000000002,4.609999999999999,4.399999999999999,-8.879999999999995,4.649999999999999,4.239999999999998,0.4299999999999997,-0.3200000000000074,-0.10000000000000497
ANSON,-1811.0,720.0,411.0,-680.0,-709.0,773.0,615.0,679.0,587.0,725.0,576.0,1888.0,-8.04,3.0299999999999994,5.009999999999998,3.9200000000000017,11.75,10.169999999999995,-9.899999999999999,4.01,5.909999999999998,-10.429999999999993,4.51,5.920000000000002,-2.3899999999999935,1.4800000000000004,0.9100000000000037
ASHE,-1162.0,856.0,816.0,510.0,-368.0,1209.0,1439.0,2280.0,546.0,1492.0,1970.0,4008.0,-6.719999999999999,3.0700000000000003,3.6499999999999986,9.949999999999989,9.219999999999999,10.400000000000006,-6.099999999999998,2.1899999999999977,3.9099999999999966,-6.490000000000002,2.6099999999999994,3.8999999999999986,0.22999999999999687,-0.46000000000000085,0.25
AVERY,-60.0,333.0,131.0,404.0,33.0,522.0,612.0,1167.0,274.0,857.0,1567.0,2698.0,-0.8900000000000006,-0.8599999999999994,1.75,4.960000000000001,7.189999999999998,8.280000000000001,-1.8000000000000007,-0.01999999999999602,1.8200000000000003,-1.049999999999999,-1.240000000000002,2.3099999999999987,-0.15999999999999837,-0.38000000000000256,0.5599999999999987
BEAUFORT,-1944.0,1363.0,1346.0,765.0,-782.0,1411.0,1711.0,2340.0,1169.0,1976.0,2372.0,5517.0,-6.6299999999999955,3.229999999999997,3.41,4.8799999999999955,5.320000000000007,5.049999999999997,-5.420000000000002,2.1600000000000037,3.259999999999998,-6.57,3.3399999999999963,3.2200000000000024,0.05999999999999517,0.10999999999999943,-0.18999999999999773
BERTIE,-1540.0,539.0,91.0,-910.0,-292.0,516.0,238.0,462.0,1354.0,667.0,360.0,2381.0,-6.609999999999999,1.42,5.18,8.289999999999992,10.780000000000001,5.979999999999997,-5.140000000000001,1.4799999999999986,3.6599999999999984,-6.3700000000000045,1.8900000000000006,4.48,0.23999999999999488,0.47000000000000064,-0.6999999999999993
BLADEN,-2957.0,1239.0,1497.0,-221.0,-1464.0,1256.0,1421.0,1213.0,314.0,1489.0,1414.0,3217.0,-12.350000000000001,6.6899999999999995,5.670000000000002,5.539999999999992,6.299999999999997,6.329999999999998,-11.75,6.540000000000001,5.210000000000001,-12.759999999999998,7.140000000000001,5.619999999999997,-0.4099999999999966,0.45000000000000107,-0.05000000000000426
BRUNSWICK,130.0,9322.0,10022.0,19474.0,2718.0,8656.0,10335.0,21709.0,5165.0,10546.0,11795.0,27506.0,-4.710000000000001,2.4200000000000017,2.289999999999999,9.649999999999991,5.590000000000003,5.310000000000002,-2.960000000000001,0.8299999999999983,2.1400000000000006,-3.4800000000000004,1.7900000000000063,1.6799999999999997,1.2300000000000004,-0.6299999999999955,-0.6099999999999994
BUNCOMBE,-469.0,9814.0,-190.0,9155.0,5899.0,13164.0,3060.0,22123.0,11825.0,17625.0,6069.0,35519.0,-1.970000000000006,-1.1499999999999986,3.1200000000000045,8.010000000000005,6.719999999999999,8.210000000000008,-2.5800000000000054,-1.7199999999999989,4.299999999999997,-1.9600000000000009,-1.5500000000000007,3.509999999999998,0.010000000000005116,-0.40000000000000213,0.38999999999999346
BURKE,-3901.0,1633.0,2038.0,-230.0,-1034.0,2944.0,3603.0,5513.0,868.0,3907.0,4828.0,9603.0,-6.549999999999997,3.6300000000000026,2.919999999999998,10.11,9.239999999999995,9.740000000000009,-6.469999999999999,2.8800000000000026,3.59,-6.360000000000003,3.259999999999998,3.099999999999998,0.18999999999999417,-0.37000000000000455,0.17999999999999972
CABARRUS,3385.0,11517.0,3201.0,18103.0,6160.0,11531.0,6192.0,23883.0,13132.0,17202.0,14890.0,45224.0,-1.509999999999998,-2.3500000000000014,3.860000000000003,8.560000000000002,7.079999999999998,7.569999999999993,-1.6999999999999993,-3.259999999999998,4.960000000000001,-0.9199999999999982,-2.990000000000002,3.9099999999999966,0.5899999999999999,-0.6400000000000006,0.049999999999993605
CALDWELL,-3750.0,1352.0,1716.0,-682.0,-422.0,2544.0,4277.0,6399.0,906.0,3408.0,5909.0,10223.0,-6.509999999999998,3.6799999999999997,2.8099999999999987,15.79,11.379999999999995,10.25,-4.57,2.049999999999997,2.5199999999999996,-4.649999999999999,2.539999999999999,2.1000000000000014,1.8599999999999994,-1.1400000000000006,-0.7099999999999973
CAMDEN,-740.0,673.0,552.0,485.0,-332.0,686.0,583.0,937.0,41.0,872.0,656.0,1569.0,-10.990000000000002,4.940000000000001,6.049999999999997,7.740000000000002,6.75,7.319999999999993,-10.98,3.8200000000000003,7.160000000000004,-10.48,4.640000000000001,5.850000000000001,0.5100000000000016,-0.3000000000000007,-0.19999999999999574
CARTERET,-2840.0,446.0,1392.0,-1002.0,-753.0,2331.0,3273.0,4851.0,794.0,3420.0,4359.0,8573.0,-4.98,3.479999999999997,1.5,12.120000000000005,9.260000000000005,11.159999999999997,-3.7099999999999973,1.1499999999999986,2.549999999999997,-4.449999999999999,2.470000000000006,1.9800000000000004,0.5300000000000011,-1.009999999999991,0.4800000000000004
CASWELL,-1343.0,799.0,224.0,-320.0,-437.0,981.0,421.0,965.0,207.0,781.0,491.0,1479.0,-7.579999999999998,1.9199999999999982,5.650000000000002,7.339999999999989,6.430000000000007,9.870000000000005,-7.469999999999999,1.889999999999997,5.579999999999998,-7.790000000000006,1.4800000000000004,6.310000000000002,-0.21000000000000796,-0.4399999999999977,0.6600000000000001
CATAWBA,-4340.0,5722.0,2829.0,4211.0,-758.0,6358.0,5388.0,10988.0,1535.0,7789.0,8242.0,17566.0,-5.0,0.9400000000000048,4.059999999999995,8.710000000000008,6.700000000000003,7.229999999999997,-4.149999999999999,-0.3299999999999983,4.48,-4.09,0.1600000000000037,3.91,0.9100000000000001,-0.7800000000000011,-0.14999999999999503
CHATHAM,551.0,4940.0,1025.0,6516.0,1684.0,5271.0,1699.0,8654.0,3782.0,6825.0,3293.0,13900.0,-3.5799999999999983,-1.1000000000000014,4.690000000000005,5.829999999999998,6.280000000000001,6.8799999999999955,-5.410000000000004,0.16999999999999815,5.239999999999995,-3.8599999999999994,-1.0999999999999979,4.960000000000001,-0.28000000000000114,3.552713678800501e-15,0.269999999999996
CHEROKEE,-2282.0,136.0,967.0,-1179.0,-622.0,1019.0,1818.0,2215.0,266.0,1350.0,2139.0,3755.0,-8.629999999999999,6.43,2.1999999999999993,14.690000000000005,10.700000000000003,12.619999999999997,-5.850000000000001,3.1400000000000006,2.6999999999999993,-7.16,4.730000000000004,2.4299999999999997,1.4699999999999989,-1.6999999999999957,0.23000000000000043
CHOWAN,-905.0,497.0,282.0,-126.0,-317.0,419.0,457.0,559.0,302.0,598.0,608.0,1508.0,-8.21,3.0500000000000007,5.16,7.189999999999998,8.5,2.6599999999999966,-6.410000000000004,2.990000000000002,3.41,-7.509999999999998,3.9200000000000017,3.59,0.7000000000000028,0.870000000000001,-1.5700000000000003
CLAY,-595.0,133.0,557.0,95.0,-169.0,352.0,679.0,862.0,75.0,505.0,748.0,1328.0,-6.77,5.68,1.0900000000000034,12.339999999999996,6.320000000000007,8.139999999999993,-4.440000000000001,2.940000000000005,1.509999999999998,-5.289999999999999,4.259999999999998,1.0300000000000011,1.4800000000000004,-1.4200000000000017,-0.060000000000002274
CLEVELAND,-3723.0,3200.0,4483.0,3960.0,-1559.0,3163.0,5018.0,6622.0,1835.0,4296.0,6445.0,12576.0,-7.949999999999996,4.730000000000004,3.2099999999999973,4.490000000000009,6.429999999999993,5.689999999999998,-8.71,5.130000000000003,3.5799999999999983,-8.39,5.279999999999994,3.120000000000001,-0.44000000000000483,0.54999999999999,-0.0899999999999963
COLUMBUS,-4496.0,2068.0,2860.0,432.0,-2185.0,2134.0,2769.0,2718.0,1410.0,2215.0,2612.0,6237.0,-12.82,7.5,5.309999999999999,4.439999999999998,7.560000000000002,8.71,-12.14,6.93,5.209999999999997,-14.280000000000001,8.370000000000001,5.900000000000002,-1.4600000000000009,0.870000000000001,0.5900000000000034
CRAVEN,-3507.0,2581.0,1848.0,922.0,-419.0,3298.0,3120.0,5999.0,1584.0,4288.0,4162.0,10034.0,-5.2500000000000036,2.0900000000000034,3.150000000000002,8.549999999999997,6.689999999999998,7.399999999999999,-4.670000000000002,0.769999999999996,3.8999999999999986,-4.780000000000001,1.5799999999999983,3.1799999999999997,0.4700000000000024,-0.5100000000000051,0.029999999999997584
CUMBERLAND,-1124.0,12325.0,3723.0,14924.0,4190.0,9531.0,5870.0,19591.0,14207.0,13596.0,10106.0,37909.0,-3.5600000000000023,0.129999999999999,3.4400000000000013,4.989999999999995,6.490000000000009,4.3799999999999955,-4.770000000000003,0.9200000000000017,3.849999999999998,-3.759999999999998,0.6300000000000026,3.120000000000001,-0.19999999999999574,0.5000000000000036,-0.3200000000000003
CURRITUCK,-524.0,1336.0,2121.0,2933.0,-106.0,1489.0,2100.0,3483.0,700.0,2055.0,2180.0,4935.0,-5.359999999999999,4.899999999999999,0.46000000000000085,6.390000000000001,6.25,6.8799999999999955,-4.120000000000001,2.6699999999999946,1.4500000000000028,-5.25,4.630000000000003,0.6300000000000026,0.10999999999999943,-0.269999999999996,0.1700000000000017
DARE,-1414.0,795.0,1241.0,622.0,162.0,2371.0,2042.0,4575.0,1625.0,3498.0,2954.0,8077.0,-5.330000000000002,3.490000000000002,1.8400000000000034,14.290000000000006,11.39,15.45000000000001,-5.979999999999997,2.5399999999999956,3.4299999999999997,-5.370000000000001,2.3299999999999983,3.039999999999999,-0.03999999999999915,-1.1600000000000037,1.1999999999999957
DAVIDSON,-3726.0,6031.0,5568.0,7873.0,-880.0,6420.0,7848.0,13388.0,3286.0,8225.0,12431.0,23942.0,-5.079999999999998,1.6599999999999966,3.419999999999998,6.6699999999999875,6.299999999999997,7.729999999999997,-3.530000000000001,-0.5900000000000034,4.120000000000001,-4.710000000000001,1.0399999999999991,3.669999999999998,0.36999999999999744,-0.6199999999999974,0.25
DAVIE,-603.0,1463.0,1073.0,1933.0,96.0,1618.0,1769.0,3483.0,730.0,2210.0,2971.0,5911.0,-3.1099999999999994,0.259999999999998,2.849999999999998,9.810000000000002,5.6000000000000085,6.179999999999993,-1.7600000000000016,-1.6400000000000006,3.3999999999999986,-2.049999999999999,-0.6499999999999986,2.6999999999999993,1.0600000000000005,-0.9099999999999966,-0.14999999999999858
DUPLIN,-1994.0,1476.0,859.0,341.0,-670.0,1246.0,1279.0,1855.0,1786.0,1892.0,2089.0,5767.0,-7.07,2.5199999999999996,4.559999999999999,5.3999999999999915,6.989999999999995,2.960000000000008,-6.25,2.5700000000000003,3.6799999999999997,-6.740000000000002,3.210000000000001,3.530000000000001,0.3299999999999983,0.6900000000000013,-1.0299999999999976
DURHAM,2795.0,12726.0,-3045.0,12476.0,11121.0,13046.0,-408.0,23759.0,19884.0,18038.0,2459.0,40381.0,-1.7000000000000028,-1.8899999999999988,3.6000000000000014,6.910000000000011,6.200000000000003,5.899999999999999,-2.5600000000000023,-1.42,3.9899999999999984,-1.4399999999999977,-1.9299999999999997,3.3800000000000026,0.2600000000000051,-0.040000000000000924,-0.21999999999999886
EDGECOMBE,-4084.0,1011.0,264.0,-2809.0,-1119.0,837.0,893.0,611.0,1374.0,920.0,1285.0,3579.0,-5.819999999999993,2.0100000000000016,3.8200000000000003,6.709999999999994,10.930000000000007,5.289999999999999,-6.6200000000000045,3.7300000000000004,2.880000000000001,-6.109999999999999,3.0799999999999983,3.0299999999999994,-0.29000000000000625,1.0699999999999967,-0.7900000000000009
FORSYTH,332.0,16259.0,-594.0,15997.0,5057.0,14562.0,3154.0,22773.0,17604.0,22336.0,14390.0,54330.0,-2.3299999999999983,-1.9799999999999969,4.309999999999999,4.5,4.719999999999999,4.82,-4.090000000000003,-1.4799999999999969,5.579999999999998,-2.1799999999999997,-2.1499999999999986,4.330000000000002,0.14999999999999858,-0.1700000000000017,0.020000000000003126
FRANKLIN,-1196.0,3414.0,1981.0,4199.0,659.0,3609.0,2706.0,6974.0,2712.0,4100.0,3884.0,10696.0,-6.259999999999998,1.490000000000002,4.779999999999998,8.569999999999993,7.8799999999999955,9.43,-7.079999999999998,1.9799999999999969,5.099999999999998,-6.160000000000004,1.1000000000000014,5.059999999999999,0.09999999999999432,-0.39000000000000057,0.28000000000000114
GASTON,-3442.0,7085.0,5248.0,8891.0,1927.0,8329.0,8785.0,19041.0,5542.0,10472.0,11763.0,27777.0,-4.16,1.230000000000004,2.9499999999999993,9.689999999999998,8.040000000000006,8.210000000000008,-3.4299999999999997,-0.38000000000000256,3.8099999999999987,-3.4299999999999997,0.5600000000000023,2.860000000000003,0.7300000000000004,-0.6700000000000017,-0.0899999999999963
GATES,-808.0,275.0,242.0,-291.0,-149.0,391.0,335.0,577.0,824.0,596.0,502.0,1922.0,-7.75,3.59,4.159999999999997,9.599999999999994,9.049999999999997,9.700000000000003,-8.969999999999999,3.719999999999999,5.27,-7.969999999999999,3.6000000000000014,4.370000000000001,-0.21999999999999886,0.010000000000001563,0.2100000000000044
GRAHAM,-603.0,143.0,108.0,-352.0,-212.0,352.0,317.0,457.0,24.0,403.0,496.0,923.0,-8.099999999999998,4.299999999999997,3.8000000000000007,11.670000000000009,8.13000000000001,15.490000000000002,-7.43,1.5900000000000034,5.84,-7.390000000000001,1.9799999999999969,5.41,0.7099999999999973,-2.3200000000000003,1.6099999999999994
GRANVILLE,-1509.0,2151.0,1292.0,1934.0,-124.0,2434.0,1881.0,4191.0,1951.0,3051.0,2656.0,7658.0,-6.189999999999998,2.0500000000000007,4.140000000000001,5.590000000000003,8.459999999999994,8.579999999999998,-7.649999999999999,2.7300000000000004,4.920000000000002,-7.130000000000003,2.5299999999999976,4.600000000000001,-0.9400000000000048,0.4799999999999969,0.46000000000000085
GREENE,-1143.0,672.0,393.0,-78.0,-525.0,685.0,494.0,654.0,391.0,754.0,576.0,1721.0,-9.64,3.580000000000002,6.060000000000002,5.230000000000004,8.210000000000008,7.230000000000004,-10.240000000000002,4.18,6.059999999999999,-10.420000000000002,4.219999999999999,6.199999999999999,-0.7800000000000011,0.639999999999997,0.13999999999999702
GUILFORD,-525.0,20315.0,-1421.0,18369.0,6914.0,16893.0,2895.0,26702.0,23761.0,25749.0,13508.0,63018.0,-2.3500000000000014,-1.620000000000001,3.969999999999999,4.319999999999993,4.239999999999995,3.200000000000003,-2.9399999999999977,-1.7200000000000024,4.649999999999999,-1.8999999999999986,-1.6900000000000013,3.59,0.45000000000000284,-0.07000000000000028,-0.379999999999999
HALIFAX,-2791.0,1555.0,361.0,-875.0,-1278.0,1249.0,597.0,568.0,2354.0,1817.0,984.0,5155.0,-5.799999999999997,1.2299999999999986,4.57,2.469999999999999,7.209999999999994,3.269999999999996,-6.599999999999994,2.120000000000001,4.48,-6.480000000000004,2.049999999999999,4.43,-0.6800000000000068,0.8200000000000003,-0.14000000000000057
HARNETT,-1069.0,5698.0,4339.0,8968.0,1396.0,5240.0,5528.0,12164.0,5122.0,6786.0,8379.0,20287.0,-5.300000000000001,1.4899999999999949,3.820000000000004,7.960000000000001,8.280000000000001,8.43,-5.6399999999999935,1.0499999999999972,4.59,-5.409999999999997,1.3700000000000045,4.02,-0.10999999999999588,-0.11999999999999034,0.19999999999999574
HAYWOOD,-3014.0,2605.0,2516.0,2107.0,-685.0,3160.0,3265.0,5740.0,1435.0,3748.0,3705.0,8888.0,-8.260000000000002,4.050000000000001,4.210000000000001,10.11999999999999,8.97999999999999,9.099999999999994,-7.5,3.039999999999999,4.460000000000001,-8.130000000000003,3.9699999999999953,4.16,0.129999999999999,-0.0800000000000054,-0.05000000000000071
HENDERSON,-328.0,4274.0,1157.0,5103.0,1468.0,5775.0,2803.0,10046.0,3294.0,8085.0,5157.0,16536.0,-1.6600000000000001,-0.8999999999999986,2.5700000000000003,9.409999999999997,5.8700000000000045,7.920000000000002,-0.879999999999999,-2.8399999999999963,3.719999999999999,-1.0399999999999991,-1.9399999999999977,2.970000000000006,0.620000000000001,-1.0399999999999991,0.4000000000000057
HERTFORD,-973.0,651.0,107.0,-215.0,-221.0,500.0,217.0,496.0,1386.0,728.0,375.0,2489.0,-5.409999999999997,0.8499999999999996,4.559999999999999,4.319999999999993,9.490000000000009,3.1300000000000026,-6.969999999999999,2.2199999999999998,4.74,-5.570000000000007,1.6100000000000012,3.960000000000001,-0.1600000000000108,0.7600000000000016,-0.5999999999999979
HOKE,-869.0,1343.0,543.0,1017.0,675.0,1691.0,1032.0,3398.0,2057.0,2140.0,1415.0,5612.0,-4.07,0.9800000000000004,3.09,8.309999999999995,9.68,9.329999999999998,-5.93,1.3599999999999994,4.57,-5.1200000000000045,1.3599999999999994,3.759999999999998,-1.0500000000000043,0.379999999999999,0.6699999999999982
HYDE,-507.0,199.0,48.0,-260.0,-160.0,248.0,95.0,183.0,158.0,207.0,63.0,428.0,-11.090000000000003,2.790000000000001,8.3,11.849999999999994,10.579999999999998,11.090000000000003,-7.93,0.41000000000000014,7.520000000000003,-10.759999999999998,2.6300000000000026,8.139999999999997,0.3300000000000054,-0.15999999999999837,-0.1600000000000037
IREDELL,-1819.0,9002.0,6091.0,13274.0,1343.0,9946.0,8493.0,19782.0,5598.0,13351.0,13974.0,32923.0,-4.07,0.4399999999999977,3.6300000000000026,8.75,6.840000000000003,8.989999999999995,-3.710000000000001,-1.3699999999999974,5.069999999999997,-3.549999999999997,-0.5399999999999991,4.100000000000001,0.5200000000000031,-0.9799999999999969,0.46999999999999886
JACKSON,-1071.0,1066.0,724.0,719.0,-9.0,1700.0,938.0,2629.0,942.0,2124.0,1279.0,4345.0,-4.480000000000004,1.7899999999999991,2.6799999999999997,7.460000000000008,5.239999999999995,9.069999999999993,-4.479999999999997,0.6099999999999994,3.8699999999999974,-4.75,0.9499999999999993,3.8100000000000023,-0.269999999999996,-0.8399999999999999,1.1300000000000026
JOHNSTON,1504.0,11327.0,8439.0,21270.0,4201.0,10922.0,10235.0,25358.0,9119.0,13744.0,15011.0,37874.0,-3.669999999999998,0.19999999999999574,3.4699999999999953,7.789999999999992,6.680000000000007,7.939999999999998,-3.6300000000000026,-0.8200000000000003,4.449999999999999,-3.34,-0.3999999999999986,3.7399999999999984,0.3299999999999983,-0.5999999999999943,0.2700000000000031
JONES,-683.0,270.0,359.0,-54.0,-335.0,280.0,444.0,389.0,403.0,431.0,452.0,1286.0,-8.850000000000001,5.030000000000001,3.830000000000002,4.549999999999997,8.290000000000006,5.090000000000003,-6.269999999999996,2.4399999999999977,3.8299999999999983,-9.64,6.199999999999999,3.4400000000000013,-0.7899999999999991,1.1699999999999982,-0.39000000000000057
LEE,-1135.0,2861.0,1527.0,3253.0,-227.0,2230.0,1891.0,3894.0,1079.0,2735.0,2498.0,6312.0,-6.469999999999999,1.5199999999999996,4.940000000000001,4.310000000000002,6.090000000000003,3.3399999999999963,-7.1299999999999955,2.1999999999999993,4.949999999999999,-6.549999999999997,2.3200000000000003,4.239999999999998,-0.0799999999999983,0.8000000000000007,-0.7000000000000028
LENOIR,-3142.0,1444.0,634.0,-1064.0,-1172.0,1379.0,1298.0,1505.0,1029.0,1649.0,1660.0,4338.0,-6.6299999999999955,2.3199999999999967,4.299999999999997,5.1499999999999915,7.989999999999995,5.310000000000002,-5.829999999999998,2.099999999999998,3.7300000000000004,-7.030000000000001,3.1400000000000006,3.879999999999999,-0.4000000000000057,0.8200000000000038,-0.41999999999999815
LINCOLN,-2107.0,3757.0,5187.0,6837.0,-192.0,4448.0,5881.0,10137.0,1777.0,5759.0,8278.0,15814.0,-6.199999999999999,3.5500000000000043,2.66,9.950000000000003,6.050000000000011,9.510000000000005,-5.349999999999998,1.759999999999998,3.59,-5.329999999999998,2.1000000000000014,3.2300000000000004,0.870000000000001,-1.4500000000000028,0.5700000000000003
MACON,-1060.0,1020.0,1458.0,1418.0,-204.0,1336.0,1811.0,2943.0,511.0,1736.0,2396.0,4643.0,-5.309999999999999,3.280000000000001,2.029999999999994,8.950000000000003,6.1499999999999915,7.209999999999994,-4.629999999999999,2.5700000000000003,2.0500000000000007,-4.75,2.6099999999999994,2.139999999999997,0.5599999999999987,-0.6700000000000017,0.11000000000000298
MADISON,-903.0,907.0,337.0,341.0,-30.0,1151.0,636.0,1757.0,772.0,1564.0,862.0,3198.0,-6.019999999999996,1.4399999999999977,4.590000000000003,9.840000000000003,8.370000000000005,8.68,-5.369999999999997,-0.23000000000000043,5.599999999999998,-5.650000000000006,1.1600000000000001,4.489999999999998,0.36999999999999034,-0.2799999999999976,-0.10000000000000497
MARTIN,-1606.0,628.0,156.0,-822.0,-576.0,725.0,418.0,567.0,1248.0,852.0,685.0,2785.0,-6.689999999999998,1.9100000000000001,4.780000000000001,6.099999999999994,8.659999999999997,7.890000000000001,-6.180000000000007,2.0,4.18,-7.339999999999996,2.3999999999999986,4.940000000000001,-0.6499999999999986,0.48999999999999844,0.16000000000000014
MCDOWELL,-1978.0,799.0,1632.0,453.0,-679.0,1576.0,2218.0,3115.0,228.0,1689.0,2241.0,4158.0,-7.059999999999999,4.890000000000001,2.1799999999999997,9.299999999999997,7.810000000000002,10.519999999999996,-5.75,2.760000000000005,2.9800000000000004,-6.91,3.990000000000002,2.9200000000000017,0.14999999999999858,-0.8999999999999986,0.740000000000002
MECKLENBURG,24607.0,59485.0,-2014.0,82078.0,35614.0,52359.0,5721.0,93694.0,76217.0,80026.0,33863.0,190106.0,-1.5,-2.7699999999999996,4.269999999999996,5.63000000000001,4.210000000000008,5.300000000000004,-2.6899999999999977,-2.719999999999999,5.400000000000002,-1.0499999999999972,-3.3099999999999987,4.359999999999999,0.45000000000000284,-0.5399999999999991,0.09000000000000341
MITCHELL,-81.0,116.0,-284.0,-249.0,63.0,383.0,479.0,925.0,170.0,610.0,1101.0,1881.0,-0.48999999999999844,-1.1899999999999977,1.6799999999999997,10.39,10.400000000000006,9.039999999999992,-0.4599999999999991,-0.9799999999999969,1.4400000000000013,-0.28999999999999915,-1.1999999999999957,1.4899999999999984,0.1999999999999993,-0.00999999999999801,-0.19000000000000128
MONTGOMERY,-1152.0,759.0,1036.0,643.0,-576.0,744.0,1095.0,1263.0,609.0,954.0,1449.0,3012.0,-8.469999999999999,4.949999999999999,3.5199999999999996,3.740000000000009,4.969999999999999,5.289999999999992,-8.190000000000005,5.219999999999999,2.9700000000000024,-8.850000000000001,5.289999999999999,3.5700000000000003,-0.38000000000000256,0.33999999999999986,0.05000000000000071
MOORE,-391.0,4646.0,3847.0,8102.0,804.0,4593.0,4187.0,9584.0,3501.0,7585.0,8094.0,19180.0,-3.3200000000000003,0.7199999999999989,2.6099999999999994,6.529999999999987,3.5600000000000023,5.239999999999995,-3.1700000000000017,-0.6899999999999977,3.8699999999999974,-2.6799999999999997,-0.10000000000000142,2.770000000000003,0.6400000000000006,-0.8200000000000003,0.1600000000000037
NASH,-2169.0,3131.0,963.0,1925.0,-266.0,2737.0,2078.0,4549.0,3012.0,3312.0,3504.0,9828.0,-4.589999999999996,0.6099999999999994,3.979999999999997,4.010000000000005,6.680000000000007,4.420000000000002,-5.149999999999999,1.3300000000000018,3.8200000000000003,-4.939999999999998,1.2899999999999956,3.6400000000000006,-0.3500000000000014,0.6799999999999962,-0.3399999999999963
NEW HANOVER,-1987.0,8240.0,1258.0,7511.0,3620.0,11232.0,4899.0,19751.0,10085.0,17591.0,11707.0,39383.0,-2.490000000000002,-0.6300000000000026,3.1199999999999974,9.299999999999997,7.209999999999994,9.089999999999996,-3.0899999999999963,-1.7700000000000031,4.850000000000001,-2.1199999999999974,-1.5300000000000011,3.6400000000000006,0.37000000000000455,-0.8999999999999986,0.5200000000000031
NORTHAMPTON,-1774.0,732.0,81.0,-961.0,-608.0,706.0,151.0,249.0,1254.0,788.0,289.0,2331.0,-7.680000000000007,1.25,6.43,6.409999999999997,6.219999999999999,7.909999999999997,-6.839999999999989,1.0399999999999991,5.82,-7.820000000000007,1.2400000000000002,6.58,-0.14000000000000057,-0.009999999999999787,0.15000000000000036
ONSLOW,-2947.0,7605.0,6554.0,11212.0,1030.0,6660.0,7354.0,15044.0,4160.0,8952.0,10135.0,23247.0,-5.149999999999999,2.1599999999999966,3.0,9.780000000000001,7.3899999999999935,6.760000000000005,-4.850000000000001,1.1299999999999955,3.7300000000000004,-4.300000000000001,1.6099999999999994,2.6900000000000013,0.8499999999999979,-0.5499999999999972,-0.3099999999999987
ORANGE,-1551.0,-519.0,-2354.0,-4424.0,1844.0,1147.0,-557.0,2434.0,6450.0,5164.0,1242.0,12856.0,0.44999999999999574,-1.5099999999999998,1.0599999999999952,5.670000000000002,7.049999999999997,3.3699999999999903,-0.28999999999999915,-0.46000000000000085,0.75,0.769999999999996,-1.0700000000000003,0.30000000000000426,0.3200000000000003,0.4399999999999995,-0.7599999999999909
PAMLICO,-826.0,208.0,613.0,-5.0,-332.0,351.0,730.0,749.0,127.0,448.0,755.0,1330.0,-8.430000000000007,6.289999999999999,2.1400000000000006,7.75,7.280000000000001,7.490000000000009,-7.229999999999997,5.299999999999997,1.9299999999999997,-8.369999999999997,6.259999999999998,2.120000000000001,0.06000000000000938,-0.030000000000001137,-0.019999999999999574
PASQUOTANK,-1908.0,1022.0,968.0,82.0,-78.0,1376.0,1196.0,2494.0,1228.0,1875.0,1375.0,4478.0,-6.770000000000003,3.299999999999997,3.4700000000000024,9.530000000000001,7.8700000000000045,8.11,-6.880000000000003,2.3999999999999986,4.48,-6.469999999999999,3.120000000000001,3.349999999999998,0.30000000000000426,-0.17999999999999616,-0.12000000000000455
PENDER,-1215.0,3133.0,2886.0,4804.0,1.0,2919.0,3351.0,6271.0,1178.0,3475.0,4192.0,8845.0,-6.179999999999996,2.450000000000003,3.719999999999999,6.969999999999999,6.439999999999998,6.18,-5.699999999999999,1.7700000000000031,3.9299999999999997,-5.84,2.3300000000000054,3.5100000000000016,0.3399999999999963,-0.11999999999999744,-0.2099999999999973
PERQUIMANS,-1025.0,137.0,459.0,-429.0,-361.0,476.0,627.0,742.0,288.0,827.0,891.0,2006.0,-8.649999999999999,5.859999999999999,2.789999999999999,9.489999999999995,9.289999999999992,11.680000000000007,-9.149999999999999,5.069999999999997,4.080000000000002,-8.96,5.5,3.469999999999999,-0.3100000000000023,-0.35999999999999943,0.6799999999999997
PERSON,-1269.0,1072.0,1034.0,837.0,-472.0,1348.0,1363.0,2239.0,736.0,1594.0,1524.0,3854.0,-5.960000000000001,2.969999999999999,2.9800000000000004,4.219999999999999,7.349999999999994,6.97999999999999,-6.399999999999999,3.0599999999999987,3.34,-6.950000000000003,3.5500000000000007,3.400000000000002,-0.990000000000002,0.5800000000000018,0.4200000000000017
PITT,-4215.0,5260.0,-103.0,942.0,-392.0,5274.0,2129.0,7011.0,5310.0,7509.0,4513.0,17332.0,-3.769999999999996,-0.28000000000000114,4.050000000000001,4.6200000000000045,6.960000000000008,5.719999999999999,-4.530000000000001,-0.379999999999999,4.91,-4.259999999999998,0.19000000000000128,4.07,-0.490000000000002,0.4700000000000024,0.019999999999999574
POLK,-581.0,513.0,486.0,418.0,-93.0,809.0,691.0,1407.0,249.0,1024.0,702.0,1975.0,-4.25,2.0600000000000023,2.190000000000005,7.240000000000009,5.530000000000001,7.430000000000007,-3.5100000000000016,-0.11999999999999744,3.6300000000000026,-3.9299999999999997,1.3599999999999994,2.5700000000000003,0.3200000000000003,-0.7000000000000028,0.37999999999999545
RANDOLPH,-3001.0,1653.0,3064.0,1716.0,-690.0,3552.0,5761.0,8623.0,1439.0,4815.0,8879.0,15133.0,-3.5500000000000007,2.3299999999999983,1.2200000000000024,7.219999999999999,6.849999999999994,9.07,-2.780000000000001,0.5500000000000043,2.2300000000000004,-3.299999999999997,1.3299999999999983,1.9599999999999973,0.25000000000000355,-1.0,0.7399999999999949
RICHMOND,-3473.0,1042.0,1155.0,-1276.0,-1360.0,1213.0,1565.0,1418.0,1117.0,1747.0,1884.0,4748.0,-9.340000000000003,4.75,4.609999999999999,6.489999999999995,11.230000000000004,7.480000000000004,-10.240000000000002,5.560000000000002,4.68,-10.5,6.129999999999999,4.369999999999997,-1.1599999999999966,1.379999999999999,-0.240000000000002
ROBESON,-8104.0,6490.0,2398.0,784.0,-1523.0,5077.0,2767.0,6321.0,6529.0,5255.0,3109.0,14893.0,-11.230000000000004,2.99,8.23,6.979999999999997,10.829999999999991,9.770000000000003,-11.439999999999998,2.92,8.529999999999998,-12.350000000000001,3.9200000000000017,8.43,-1.1199999999999974,0.9300000000000015,0.1999999999999993
ROCKINGHAM,-3733.0,2087.0,2555.0,909.0,-974.0,2665.0,3702.0,5393.0,2448.0,4078.0,5856.0,12382.0,-6.640000000000001,3.6399999999999935,3.0,7.780000000000001,7.519999999999996,7.280000000000001,-6.980000000000004,3.6899999999999977,3.2900000000000027,-6.359999999999999,3.539999999999999,2.830000000000002,0.28000000000000114,-0.09999999999999432,-0.16999999999999815
ROWAN,-3732.0,3109.0,2868.0,2245.0,-196.0,4069.0,5146.0,9019.0,3114.0,5890.0,8146.0,17150.0,-4.539999999999999,2.009999999999998,2.5199999999999996,8.299999999999997,7.079999999999998,7.099999999999994,-3.09,0.23000000000000398,2.8599999999999994,-3.6899999999999977,1.3400000000000034,2.34,0.8500000000000014,-0.6699999999999946,-0.17999999999999972
RUTHERFORD,-3687.0,1938.0,2650.0,901.0,-1544.0,2334.0,3263.0,4053.0,204.0,2562.0,3333.0,6099.0,-8.71,5.050000000000004,3.6499999999999986,6.950000000000003,6.780000000000001,7.6399999999999935,-7.299999999999997,3.219999999999999,4.079999999999998,-8.440000000000005,4.75,3.6900000000000013,0.269999999999996,-0.30000000000000426,0.0400000000000027
SAMPSON,-2176.0,1287.0,1144.0,255.0,-600.0,1300.0,1943.0,2643.0,1937.0,1867.0,3982.0,7786.0,-6.009999999999998,2.759999999999998,3.25,5.900000000000006,7.099999999999994,6.590000000000003,-6.839999999999996,3.8900000000000006,2.9499999999999993,-6.07,3.010000000000005,3.049999999999997,-0.060000000000002274,0.2500000000000071,-0.20000000000000284
SCOTLAND,-2127.0,694.0,504.0,-929.0,-744.0,811.0,799.0,866.0,942.0,1264.0,1128.0,3334.0,-7.199999999999996,2.969999999999999,4.23,5.289999999999999,11.340000000000003,6.530000000000001,-9.379999999999995,4.899999999999999,4.48,-8.510000000000005,4.390000000000001,4.109999999999999,-1.3100000000000094,1.4200000000000017,-0.120000000000001
STANLY,-1974.0,1786.0,2262.0,2074.0,-947.0,1920.0,2983.0,3956.0,505.0,2536.0,4208.0,7249.0,-5.969999999999999,3.1499999999999986,2.8099999999999987,4.579999999999998,5.760000000000005,5.640000000000001,-5.25,2.3100000000000023,2.9299999999999997,-5.939999999999998,3.200000000000003,2.740000000000002,0.030000000000001137,0.05000000000000426,-0.06999999999999673
STOKES,-1856.0,925.0,1389.0,458.0,-702.0,1447.0,2353.0,3098.0,592.0,1892.0,3624.0,6108.0,-6.210000000000001,3.6700000000000017,2.539999999999999,8.950000000000003,7.610000000000014,9.499999999999993,-5.149999999999999,2.240000000000002,2.91,-5.68,2.809999999999995,2.879999999999999,0.5300000000000011,-0.8600000000000065,0.33999999999999986
SURRY,-3246.0,2275.0,2320.0,1349.0,-1149.0,2449.0,3122.0,4422.0,516.0,3024.0,4455.0,7995.0,-7.789999999999999,3.729999999999997,4.07,9.009999999999991,6.1200000000000045,7.090000000000003,-6.719999999999999,2.530000000000001,4.18,-6.780000000000001,2.950000000000003,3.830000000000002,1.009999999999998,-0.779999999999994,-0.23999999999999844
SWAIN,-782.0,32.0,263.0,-487.0,-164.0,568.0,494.0,898.0,222.0,696.0,561.0,1479.0,-5.840000000000003,3.8200000000000003,2.020000000000003,9.159999999999997,11.180000000000007,14.68,-7.479999999999997,3.039999999999999,4.449999999999999,-7.490000000000002,3.5299999999999976,3.9700000000000024,-1.6499999999999986,-0.2900000000000027,1.9499999999999993
TRANSYLVANIA,-705.0,1278.0,410.0,983.0,62.0,1695.0,757.0,2514.0,836.0,2475.0,1326.0,4637.0,-3.6799999999999997,0.3500000000000014,3.3300000000000054,8.799999999999997,5.1000000000000085,7.469999999999999,-3.2300000000000004,-1.5799999999999983,4.810000000000002,-3.09,-0.6199999999999974,3.710000000000001,0.5899999999999999,-0.9699999999999989,0.37999999999999545
TYRRELL,-292.0,106.0,76.0,-110.0,-119.0,111.0,78.0,70.0,80.0,124.0,93.0,297.0,-9.549999999999997,3.860000000000001,5.700000000000003,7.299999999999997,5.030000000000001,4.969999999999999,-7.18,3.8299999999999983,3.3500000000000014,-8.82,3.7200000000000006,5.100000000000001,0.7299999999999969,-0.14000000000000057,-0.6000000000000014
UNION,557.0,11171.0,5569.0,17297.0,4163.0,12013.0,8923.0,25099.0,7584.0,14746.0,13113.0,35443.0,-2.379999999999999,-1.0,3.390000000000004,9.370000000000005,6.760000000000005,7.949999999999989,-1.389999999999997,-2.8599999999999994,4.25,-1.5899999999999999,-1.9199999999999946,3.5100000000000016,0.7899999999999991,-0.9199999999999946,0.11999999999999744
VANCE,-1887.0,844.0,461.0,-582.0,-613.0,869.0,780.0,1036.0,1251.0,1132.0,1059.0,3442.0,-5.039999999999999,1.8399999999999999,3.1999999999999993,3.75,9.489999999999995,6.32,-6.820000000000007,3.17,3.6500000000000004,-6.329999999999998,2.959999999999999,3.370000000000001,-1.2899999999999991,1.1199999999999992,0.1700000000000017
WAKE,25782.0,64143.0,-65.0,89860.0,33796.0,63092.0,6267.0,103155.0,73932.0,99873.0,42892.0,216697.0,-1.0200000000000031,-3.030000000000001,4.050000000000004,4.859999999999999,3.3499999999999943,5.609999999999999,-3.25,-2.3299999999999983,5.580000000000002,-0.8699999999999974,-3.6400000000000006,4.510000000000005,0.15000000000000568,-0.6099999999999994,0.46000000000000085
WARREN,-938.0,355.0,390.0,-193.0,-388.0,381.0,441.0,434.0,778.0,571.0,597.0,1946.0,-5.93,3.0699999999999985,2.870000000000001,3.529999999999987,7.150000000000006,5.769999999999996,-8.379999999999995,4.59,3.789999999999999,-6.780000000000001,3.7299999999999986,3.049999999999999,-0.8500000000000014,0.6600000000000001,0.17999999999999794
WASHINGTON,-770.0,147.0,176.0,-447.0,-348.0,136.0,256.0,44.0,550.0,270.0,335.0,1155.0,-5.589999999999996,2.8000000000000007,2.789999999999999,4.010000000000005,10.090000000000003,2.3999999999999986,-5.569999999999993,3.9799999999999986,1.5899999999999999,-6.090000000000003,4.020000000000001,2.0700000000000003,-0.5000000000000071,1.2200000000000006,-0.7199999999999989
WATAUGA,-619.0,484.0,-1013.0,-1148.0,385.0,1634.0,79.0,2098.0,1701.0,3286.0,1972.0,6959.0,-0.6799999999999997,-1.4499999999999993,2.1299999999999955,6.739999999999995,5.929999999999993,6.769999999999996,-1.8399999999999999,-0.4299999999999997,2.280000000000001,-0.6699999999999982,-1.9100000000000001,2.5800000000000054,0.010000000000001563,-0.46000000000000085,0.45000000000000995
WAYNE,-3440.0,2360.0,1122.0,42.0,-393.0,2597.0,2560.0,4764.0,2344.0,3286.0,3658.0,9288.0,-4.530000000000001,1.4499999999999957,3.080000000000002,6.390000000000001,6.760000000000005,6.240000000000002,-3.960000000000001,0.6400000000000006,3.3200000000000003,-4.5,1.5499999999999972,2.9599999999999973,0.030000000000001137,0.10000000000000142,-0.12000000000000455
WILKES,-2126.0,1518.0,1522.0,914.0,-772.0,2004.0,2874.0,4106.0,917.0,2513.0,4627.0,8057.0,-5.34,2.3900000000000006,2.9400000000000013,8.290000000000006,7.050000000000011,8.409999999999997,-4.16,0.7299999999999969,3.419999999999998,-4.760000000000002,1.6499999999999986,3.110000000000003,0.5799999999999983,-0.740000000000002,0.1700000000000017
WILSON,-2423.0,2734.0,136.0,447.0,-823.0,2417.0,956.0,2550.0,1926.0,2941.0,2183.0,7050.0,-4.669999999999995,0.05000000000000071,4.620000000000001,2.930000000000007,6.070000000000007,5.200000000000003,-6.270000000000003,1.120000000000001,5.16,-5.359999999999999,0.6400000000000006,4.719999999999999,-0.6900000000000048,0.5899999999999999,0.09999999999999787
YADKIN,-766.0,700.0,654.0,588.0,-187.0,988.0,1447.0,2248.0,690.0,1601.0,3357.0,5648.0,-3.5199999999999996,1.3200000000000003,2.1999999999999993,8.86,6.549999999999997,7.540000000000006,-1.6500000000000004,-0.6300000000000026,2.2699999999999996,-2.719999999999999,0.3999999999999986,2.3200000000000003,0.8000000000000007,-0.9200000000000017,0.120000000000001
YANCEY,-859.0,703.0,365.0,209.0,-293.0,826.0,754.0,1287.0,532.0,1124.0,1199.0,2855.0,-6.609999999999996,2.049999999999997,4.560000000000002,7.3500000000000085,9.010000000000005,7.540000000000006,-5.860000000000003,1.6400000000000006,4.210000000000001,-6.760000000000002,2.440000000000005,4.32,-0.15000000000000568,0.3900000000000077,-0.240000000000002
Statewide,-108687.0,410459.0,145161.0,446933.0,98996.0,425836.0,251107.0,775939.0,418274.0,602743.0,462028.0,1483045.0,-3.8599999999999994,0.14000000000000057,3.7200000000000024,6.6000000000000085,6.349999999999994,6.660000000000004,-4.280000000000001,-0.23999999999999844,4.52,-3.710000000000001,-0.0799999999999983,3.799999999999997,0.14999999999999858,-0.21999999999999886,0.07999999999999474
