,County,Trump,Trump%,Biden,Biden%,Tillis,Tillis%,Cunningham,Cunningham%,Forest,Forest%,Cooper,Cooper%,Robinson,Robinson%,Holley,Holley%,ONeill,ONeill%,Stein,Stein%,Sykes,Sykes%,Marshall,Marshall%,Folwell,Folwell%,Chatterji,Chatterji%,Truitt,Truitt%,Mangrum,Mangrum%,Street,Street%,Wood,Wood%,Troxler,Troxler%,Wadsworth,Wadsworth%,Dobson,Dobson%,Holmes,Holmes%,Causey,Causey%,Goodwin,Goodwin%,REP_AVG,REP_MIN,REP_MAX,DEM_AVG,DEM_MIN,DEM_MAX,REP_High-Low,REP_AVG-DEM_AVG,Total_President,Total_Senate,Total_Governor
0,ALAMANCE,46056.0,52.35,38825.0,44.13,44246.0,51.74,38038.0,44.48,42918.0,49.94,41979.0,48.85,46876.0,54.96,38421.0,45.04,44842.0,52.78,40116.0,47.22,43987.0,51.92,40731.0,48.08,46144.0,54.65,38285.0,45.35,45947.0,54.44,38456.0,45.56,44519.0,52.8,39790.0,47.2,49190.0,57.92,35737.0,42.08,45679.0,54.12,38727.0,45.88,46370.0,54.94,38032.0,45.06,45564.0,42918.0,49190.0,38928.0,35737.0,41979.0,6272.0,6636.0,87973.0,85508.0,85935.0
1,ALEXANDER,15888.0,76.77,4145.0,20.03,14739.0,73.53,4287.0,21.39,14980.0,74.21,4980.0,24.67,15733.0,79.08,4161.0,20.92,14916.0,75.24,4909.0,24.76,14789.0,75.08,4909.0,24.92,15229.0,77.82,4340.0,22.18,15297.0,78.01,4312.0,21.99,14956.0,76.14,4687.0,23.86,15737.0,79.77,3990.0,20.23,15242.0,77.6,4400.0,22.4,15268.0,77.63,4400.0,22.37,15231.0,14739.0,15888.0,4460.0,3990.0,4980.0,1149.0,10771.0,20695.0,20044.0,20187.0
2,ALLEGHANY,4527.0,73.62,1486.0,24.17,4082.0,67.95,1587.0,26.42,4085.0,67.14,1929.0,31.71,4435.0,74.28,1536.0,25.72,4226.0,70.91,1734.0,29.09,4050.0,68.77,1839.0,31.23,4269.0,73.07,1573.0,26.93,4275.0,73.08,1575.0,26.92,4125.0,70.6,1718.0,29.4,4633.0,78.06,1302.0,21.94,4274.0,72.84,1594.0,27.16,4255.0,72.7,1598.0,27.3,4270.0,4050.0,4633.0,1623.0,1302.0,1929.0,583.0,2647.0,6149.0,6007.0,6084.0
3,ANSON,5321.0,47.21,5789.0,51.36,4981.0,44.84,5756.0,51.82,4977.0,44.41,6116.0,54.58,5257.0,47.5,5810.0,52.5,4914.0,44.49,6130.0,55.51,4887.0,44.35,6131.0,55.65,5265.0,47.96,5714.0,52.04,5096.0,46.39,5889.0,53.61,4951.0,45.01,6048.0,54.99,5311.0,48.36,5671.0,51.64,5124.0,46.52,5891.0,53.48,4957.0,44.95,6071.0,55.05,5087.0,4887.0,5321.0,5918.0,5671.0,6131.0,434.0,-831.0,11272.0,11108.0,11206.0
4,ASHE,11451.0,71.31,4164.0,25.93,10619.0,67.91,4279.0,27.37,10622.0,67.33,4967.0,31.48,11166.0,72.28,4282.0,27.72,10817.0,70.17,4598.0,29.83,10513.0,68.49,4837.0,31.51,10961.0,72.08,4245.0,27.92,10955.0,71.77,4309.0,28.23,10626.0,69.73,4613.0,30.27,11579.0,74.98,3863.0,25.02,11037.0,72.06,4280.0,27.94,10965.0,71.91,4283.0,28.09,10943.0,10513.0,11579.0,4393.0,3863.0,4967.0,1066.0,6550.0,16058.0,15636.0,15777.0
5,AVERY,7172.0,72.83,2191.0,22.25,6865.0,73.65,2079.0,22.3,6894.0,73.21,2407.0,25.56,7137.0,77.42,2081.0,22.58,6947.0,75.69,2231.0,24.31,6839.0,74.98,2282.0,25.02,6980.0,77.2,2061.0,22.8,6997.0,77.03,2086.0,22.97,6900.0,75.9,2191.0,24.1,7216.0,78.92,1927.0,21.08,7237.0,78.59,1972.0,21.41,7063.0,77.65,2033.0,22.35,7021.0,6839.0,7237.0,2128.0,1927.0,2407.0,398.0,4893.0,9848.0,9321.0,9417.0
6,BEAUFORT,16437.0,61.89,9633.0,36.27,15448.0,59.31,9439.0,36.24,15710.0,59.89,10291.0,39.23,16469.0,63.72,9378.0,36.28,15815.0,61.38,9950.0,38.62,15290.0,59.46,10423.0,40.54,16186.0,63.33,9372.0,36.67,16064.0,62.78,9523.0,37.22,15172.0,59.21,10451.0,40.79,16756.0,65.29,8908.0,34.71,15797.0,61.62,9840.0,38.38,16089.0,62.82,9521.0,37.18,15936.0,15172.0,16756.0,9727.0,8908.0,10451.0,1584.0,6209.0,26558.0,26046.0,26232.0
7,BERTIE,3817.0,38.48,5939.0,59.87,3597.0,37.11,5825.0,60.09,3654.0,37.33,6080.0,62.12,3765.0,39.2,5839.0,60.8,3601.0,37.8,5925.0,62.2,3476.0,36.39,6076.0,63.61,3748.0,39.62,5712.0,60.38,3648.0,38.4,5851.0,61.6,3513.0,36.85,6020.0,63.15,3849.0,40.08,5755.0,59.92,3615.0,37.74,5964.0,62.26,3616.0,37.9,5924.0,62.1,3658.0,3476.0,3849.0,5909.0,5712.0,6080.0,373.0,-2251.0,9920.0,9694.0,9788.0
8,BLADEN,9676.0,55.37,7326.0,41.92,8967.0,53.12,7280.0,43.13,9096.0,53.4,7784.0,45.7,9552.0,57.06,7189.0,42.94,9007.0,54.35,7564.0,45.65,8633.0,51.87,8011.0,48.13,9131.0,55.47,7331.0,44.53,9203.0,55.76,7301.0,44.24,8883.0,53.65,7674.0,46.35,9612.0,57.58,7082.0,42.42,9109.0,54.89,7487.0,45.11,9214.0,55.51,7386.0,44.49,9174.0,8633.0,9676.0,7451.0,7082.0,8011.0,1043.0,1723.0,17475.0,16881.0,17033.0
9,BRUNSWICK,55850.0,61.0,33310.0,36.38,52971.0,59.38,32180.0,36.08,51703.0,57.59,36818.0,41.01,55476.0,63.21,32292.0,36.79,54081.0,61.69,33581.0,38.31,53250.0,61.2,33766.0,38.8,54725.0,63.78,31083.0,36.22,54914.0,63.87,31070.0,36.13,53067.0,61.53,33175.0,38.47,55732.0,64.59,30557.0,35.41,53959.0,62.44,32465.0,37.56,55574.0,64.51,30571.0,35.49,54275.0,51703.0,55850.0,32572.0,30557.0,36818.0,4147.0,21703.0,91556.0,89202.0,89781.0
10,BUNCOMBE,62412.0,37.16,96515.0,57.47,60688.0,37.92,92664.0,57.9,58153.0,36.25,99395.0,61.95,63817.0,40.29,94564.0,59.71,61528.0,38.96,96389.0,61.04,60459.0,38.52,96511.0,61.48,65394.0,41.95,90497.0,58.05,62703.0,40.11,93613.0,59.89,60542.0,38.66,96041.0,61.34,65736.0,41.81,91502.0,58.19,62047.0,39.65,94451.0,60.35,62999.0,40.3,93325.0,59.7,62206.0,58153.0,65736.0,94622.0,90497.0,99395.0,7583.0,-32416.0,167950.0,160042.0,160442.0
11,BURKE,31019.0,68.72,13118.0,29.06,28934.0,65.51,13108.0,29.68,28898.0,65.0,15028.0,33.8,30727.0,69.96,13191.0,30.04,29615.0,67.55,14224.0,32.45,29088.0,66.63,14569.0,33.37,30290.0,69.86,13068.0,30.14,30346.0,69.68,13205.0,30.32,29499.0,67.78,14022.0,32.22,30942.0,70.93,12683.0,29.07,30180.0,69.21,13429.0,30.79,30293.0,69.7,13166.0,30.3,29986.0,28898.0,31019.0,13568.0,12683.0,15028.0,2121.0,16418.0,45137.0,44170.0,44459.0
12,CABARRUS,63237.0,52.72,52162.0,43.48,61231.0,52.74,48886.0,42.11,59682.0,51.3,54665.0,46.99,64355.0,55.95,50666.0,44.05,61785.0,53.86,52934.0,46.14,60890.0,53.48,52975.0,46.52,64949.0,57.49,48033.0,42.51,63169.0,55.66,50325.0,44.34,61095.0,53.81,52450.0,46.19,65334.0,57.38,48533.0,42.62,62504.0,55.19,50740.0,44.81,63485.0,56.03,49827.0,43.97,62643.0,59682.0,65334.0,51016.0,48033.0,54665.0,5652.0,11627.0,119958.0,116102.0,116337.0
13,CALDWELL,32119.0,74.1,10245.0,23.63,29971.0,70.76,10288.0,24.29,30234.0,70.85,11926.0,27.95,31829.0,75.77,10181.0,24.23,30533.0,72.84,11386.0,27.16,30322.0,72.68,11396.0,27.32,31407.0,75.76,10048.0,24.24,31291.0,75.27,10283.0,24.73,30575.0,73.47,11040.0,26.53,32038.0,76.89,9629.0,23.11,31132.0,74.78,10502.0,25.22,31342.0,75.31,10276.0,24.69,31066.0,29971.0,32119.0,10600.0,9629.0,11926.0,2148.0,20466.0,43347.0,42357.0,42673.0
14,CAMDEN,4312.0,70.09,1537.0,24.98,4181.0,71.62,1403.0,24.03,4200.0,71.03,1600.0,27.06,4340.0,74.79,1463.0,25.21,4208.0,73.5,1517.0,26.5,4110.0,71.87,1609.0,28.13,4196.0,74.02,1473.0,25.98,4189.0,73.59,1503.0,26.41,4088.0,71.59,1622.0,28.41,4330.0,75.36,1416.0,24.64,4168.0,73.11,1533.0,26.89,4154.0,73.11,1528.0,26.89,4206.0,4088.0,4340.0,1517.0,1403.0,1622.0,252.0,2689.0,6152.0,5838.0,5913.0
15,CARTERET,30028.0,69.31,12093.0,27.91,28492.0,67.47,11823.0,28.0,28689.0,67.47,13293.0,31.26,29985.0,71.96,11685.0,28.04,29241.0,70.19,12416.0,29.81,28170.0,68.35,13042.0,31.65,29217.0,71.43,11686.0,28.57,29255.0,71.38,11730.0,28.62,28033.0,68.22,13060.0,31.78,30636.0,73.87,10836.0,26.13,29035.0,70.73,12016.0,29.27,29500.0,71.64,11679.0,28.36,29190.0,28033.0,30636.0,12113.0,10836.0,13293.0,2603.0,17077.0,43324.0,42228.0,42524.0
16,CASWELL,7089.0,57.75,4860.0,39.59,6643.0,55.54,4916.0,41.1,6634.0,55.19,5285.0,43.97,7061.0,59.52,4802.0,40.48,6712.0,56.86,5093.0,43.14,6598.0,55.96,5192.0,44.04,6760.0,57.7,4955.0,42.3,6807.0,57.8,4969.0,42.2,6654.0,56.82,5056.0,43.18,7307.0,61.6,4555.0,38.4,6880.0,58.35,4910.0,41.65,6825.0,58.08,4927.0,41.92,6831.0,6598.0,7307.0,4960.0,4555.0,5285.0,709.0,1871.0,12275.0,11961.0,12020.0
17,CATAWBA,56588.0,66.8,25689.0,30.32,54004.0,65.16,24845.0,29.98,53802.0,64.63,28267.0,33.96,57046.0,69.11,25495.0,30.89,55108.0,66.83,27351.0,33.17,54802.0,66.66,27405.0,33.34,57243.0,69.94,24608.0,30.06,56687.0,69.12,25331.0,30.88,55123.0,67.23,26866.0,32.77,57750.0,70.27,24437.0,29.73,56231.0,68.57,25773.0,31.43,56844.0,69.4,25061.0,30.6,55936.0,53802.0,57750.0,25927.0,24437.0,28267.0,3948.0,30009.0,84716.0,82883.0,83248.0
18,CHATHAM,21186.0,42.72,26787.0,54.01,21039.0,43.52,25697.0,53.16,19937.0,41.07,28128.0,57.94,21805.0,45.66,25951.0,54.34,20901.0,43.8,26813.0,56.2,20340.0,42.85,27133.0,57.15,22015.0,46.76,25070.0,53.24,21469.0,45.47,25746.0,54.53,20169.0,42.69,27075.0,57.31,23597.0,49.64,23936.0,50.36,21380.0,45.17,25954.0,54.83,21748.0,46.16,25368.0,53.84,21299.0,19937.0,23597.0,26138.0,23936.0,28128.0,3660.0,-4839.0,49598.0,48338.0,48544.0
19,CHEROKEE,12628.0,76.14,3583.0,21.6,12048.0,73.98,3589.0,22.04,12349.0,75.52,3772.0,23.07,12667.0,77.85,3603.0,22.15,12510.0,77.22,3690.0,22.78,12327.0,76.14,3862.0,23.86,12475.0,77.28,3667.0,22.72,12516.0,77.5,3634.0,22.5,12321.0,76.24,3839.0,23.76,12602.0,77.82,3591.0,22.18,12431.0,76.95,3724.0,23.05,12513.0,77.49,3635.0,22.51,12449.0,12048.0,12667.0,3682.0,3583.0,3862.0,619.0,8767.0,16585.0,16286.0,16351.0
20,CHOWAN,4471.0,56.46,3247.0,41.0,4353.0,56.61,3124.0,40.63,4308.0,55.48,3399.0,43.77,4495.0,58.75,3156.0,41.25,4324.0,56.87,3279.0,43.13,4165.0,54.79,3437.0,45.21,4402.0,58.24,3157.0,41.76,4258.0,56.3,3305.0,43.7,4105.0,54.19,3470.0,45.81,4557.0,59.84,3058.0,40.16,4284.0,56.63,3281.0,43.37,4018.0,52.76,3597.0,47.24,4312.0,4018.0,4557.0,3292.0,3058.0,3597.0,539.0,1020.0,7919.0,7689.0,7765.0
21,CLAY,5112.0,72.9,1699.0,24.23,4897.0,71.9,1676.0,24.61,4994.0,72.82,1761.0,25.68,5064.0,74.96,1692.0,25.04,5005.0,74.57,1707.0,25.43,4927.0,73.48,1778.0,26.52,4934.0,74.14,1721.0,25.86,4948.0,73.98,1740.0,26.02,4912.0,73.47,1774.0,26.53,5016.0,74.97,1675.0,25.03,4935.0,73.94,1739.0,26.06,5009.0,75.03,1667.0,24.97,4979.0,4897.0,5112.0,1719.0,1667.0,1778.0,215.0,3260.0,7012.0,6811.0,6858.0
22,CLEVELAND,33798.0,64.84,16955.0,32.53,32022.0,63.06,16752.0,32.99,32031.0,62.65,18549.0,36.28,33301.0,66.26,16959.0,33.74,32197.0,64.31,17867.0,35.69,31797.0,63.62,18180.0,36.38,32969.0,66.38,16696.0,33.62,32851.0,65.9,16997.0,34.1,32161.0,64.5,17699.0,35.5,33815.0,67.52,16268.0,32.48,32781.0,65.7,17115.0,34.3,32933.0,66.07,16914.0,33.93,32721.0,31797.0,33815.0,17246.0,16268.0,18549.0,2018.0,15475.0,52129.0,50777.0,51124.0
23,COLUMBUS,16832.0,62.31,9446.0,34.97,15563.0,59.62,9599.0,36.77,15713.0,59.87,10309.0,39.28,16480.0,63.47,9483.0,36.53,15674.0,60.77,10117.0,39.23,15279.0,59.33,10475.0,40.67,15859.0,62.12,9672.0,37.88,16016.0,62.42,9642.0,37.58,15551.0,60.59,10116.0,39.41,16439.0,63.73,9355.0,36.27,15755.0,61.47,9875.0,38.53,16050.0,62.5,9632.0,37.5,15934.0,15279.0,16832.0,9810.0,9355.0,10475.0,1553.0,6124.0,27014.0,26102.0,26245.0
24,CRAVEN,31032.0,56.71,21148.0,38.65,29542.0,56.25,20416.0,38.87,29614.0,56.03,22436.0,42.45,31358.0,60.34,20610.0,39.66,30278.0,58.76,21250.0,41.24,29488.0,57.25,22022.0,42.75,30731.0,60.15,20357.0,39.85,30533.0,59.47,20809.0,40.53,28562.0,55.49,22912.0,44.51,31572.0,61.19,20022.0,38.81,30194.0,58.69,21249.0,41.31,30888.0,60.17,20446.0,39.83,30316.0,28562.0,31572.0,21140.0,20022.0,22912.0,3010.0,9176.0,54716.0,52521.0,52856.0
25,CUMBERLAND,60032.0,39.89,84469.0,56.12,57121.0,39.2,81001.0,55.59,55197.0,37.68,88278.0,60.26,60270.0,41.64,84485.0,58.36,58138.0,40.26,86280.0,59.74,56623.0,39.27,87584.0,60.73,62152.0,43.4,81060.0,56.6,60294.0,42.01,83232.0,57.99,57394.0,40.0,86079.0,60.0,61698.0,42.85,82292.0,57.15,58632.0,40.75,85235.0,59.25,59247.0,41.34,84059.0,58.66,58900.0,55197.0,62152.0,84504.0,81001.0,88278.0,6955.0,-25604.0,150504.0,145719.0,146493.0
26,CURRITUCK,11657.0,69.08,4195.0,24.86,11368.0,71.29,3849.0,24.14,11293.0,70.47,4382.0,27.34,11790.0,74.56,4022.0,25.44,11650.0,73.95,4104.0,26.05,11339.0,72.38,4326.0,27.62,11520.0,74.07,4032.0,25.93,11603.0,74.34,4004.0,25.66,11301.0,72.21,4349.0,27.79,11620.0,74.52,3974.0,25.48,11465.0,73.39,4157.0,26.61,11551.0,73.95,4070.0,26.05,11513.0,11293.0,11790.0,4122.0,3849.0,4382.0,497.0,7391.0,16875.0,15946.0,16025.0
27,DARE,13938.0,56.48,9936.0,40.26,13581.0,56.98,9284.0,38.95,13151.0,54.75,10485.0,43.65,13796.0,59.02,9581.0,40.98,13557.0,58.44,9641.0,41.56,13009.0,56.45,10035.0,43.55,13757.0,60.55,8964.0,39.45,13355.0,58.52,9468.0,41.48,13045.0,56.86,9899.0,43.14,13715.0,59.59,9302.0,40.41,13302.0,58.15,9572.0,41.85,13488.0,58.98,9381.0,41.02,13474.0,13009.0,13938.0,9629.0,8964.0,10485.0,929.0,3845.0,24679.0,23835.0,24020.0
28,DAVIDSON,64658.0,71.71,22636.0,25.1,60686.0,68.81,23660.0,26.83,60771.0,68.72,26598.0,30.08,65206.0,74.19,22689.0,25.81,63260.0,72.08,24503.0,27.92,62486.0,71.42,25011.0,28.58,63482.0,72.65,23894.0,27.35,64633.0,74.0,22712.0,26.0,62446.0,71.54,24848.0,28.46,67070.0,76.48,20624.0,23.52,64139.0,73.47,23157.0,26.53,64753.0,74.19,22522.0,25.81,63632.0,60686.0,67070.0,23571.0,20624.0,26598.0,6384.0,40061.0,90167.0,88188.0,88430.0
29,DAVIE,18228.0,71.23,6713.0,26.23,17415.0,69.21,6570.0,26.11,17104.0,67.66,7904.0,31.27,18594.0,74.12,6494.0,25.88,18047.0,72.08,6990.0,27.92,17688.0,71.04,7211.0,28.96,18213.0,73.26,6647.0,26.74,18199.0,73.25,6646.0,26.75,17690.0,71.29,7123.0,28.71,19158.0,76.76,5800.0,23.24,18263.0,73.53,6573.0,26.47,18459.0,74.35,6369.0,25.65,18088.0,17104.0,19158.0,6753.0,5800.0,7904.0,2054.0,11335.0,25590.0,25162.0,25278.0
30,DUPLIN,13793.0,59.94,8767.0,38.1,12954.0,57.75,8689.0,38.73,13295.0,58.72,9164.0,40.48,13726.0,61.62,8551.0,38.38,13136.0,59.5,8942.0,40.5,12698.0,57.43,9413.0,42.57,13346.0,60.86,8583.0,39.14,13274.0,60.41,8698.0,39.59,12797.0,58.15,9211.0,41.85,13844.0,62.43,8333.0,37.57,13189.0,59.71,8899.0,40.29,13447.0,61.01,8594.0,38.99,13292.0,12698.0,13844.0,8820.0,8333.0,9413.0,1146.0,4472.0,23013.0,22432.0,22640.0
31,DURHAM,32459.0,17.9,144688.0,79.78,34152.0,19.1,138429.0,77.4,29989.0,16.7,147110.0,81.91,35541.0,20.03,141908.0,79.97,34005.0,19.18,143304.0,80.82,32660.0,18.49,143943.0,81.51,39415.0,22.46,136108.0,77.54,35759.0,20.32,140212.0,79.68,32661.0,18.54,143483.0,81.46,40953.0,23.29,134906.0,76.71,34607.0,19.66,141387.0,80.34,36606.0,20.83,139132.0,79.17,34901.0,29989.0,40953.0,141218.0,134906.0,147110.0,10964.0,-106317.0,181361.0,178846.0,179595.0
32,EDGECOMBE,9206.0,35.46,16089.0,61.97,8582.0,33.9,15952.0,63.01,8487.0,33.35,16786.0,65.96,9160.0,36.3,16073.0,63.7,8446.0,33.53,16742.0,66.47,8305.0,32.95,16897.0,67.05,9327.0,37.21,15739.0,62.79,8949.0,35.66,16145.0,64.34,7613.0,30.32,17492.0,69.68,9441.0,37.57,15688.0,62.43,8855.0,35.23,16277.0,64.77,8802.0,34.98,16359.0,65.02,8764.0,7613.0,9441.0,16353.0,15688.0,17492.0,1828.0,-7589.0,25963.0,25318.0,25449.0
33,FORSYTH,85064.0,41.17,113033.0,54.71,83228.0,41.72,107277.0,53.77,78475.0,39.17,118663.0,59.24,88119.0,44.65,109218.0,55.35,87567.0,44.23,110411.0,55.77,82723.0,42.27,112974.0,57.73,90863.0,46.43,104834.0,53.57,86531.0,44.31,108765.0,55.69,83183.0,42.56,112246.0,57.44,92499.0,47.17,103612.0,52.83,85821.0,43.99,109265.0,56.01,87680.0,44.89,107656.0,55.11,85979.0,78475.0,92499.0,109830.0,103612.0,118663.0,14024.0,-23851.0,206592.0,199509.0,200324.0
34,FRANKLIN,20901.0,54.18,15879.0,41.16,19654.0,52.94,15659.0,42.18,19400.0,51.95,17427.0,46.66,20950.0,56.86,15898.0,43.14,19917.0,54.14,16869.0,45.86,19231.0,52.41,17462.0,47.59,20820.0,57.19,15584.0,42.81,20538.0,56.31,15932.0,43.69,19176.0,52.42,17408.0,47.58,22159.0,60.42,14515.0,39.58,20293.0,55.58,16217.0,44.42,20427.0,55.86,16138.0,44.14,20289.0,19176.0,22159.0,16249.0,14515.0,17462.0,2983.0,4040.0,38577.0,37124.0,37345.0
35,GASTON,73033.0,61.77,40959.0,34.64,69398.0,60.77,39595.0,34.67,69158.0,60.18,44074.0,38.35,72255.0,64.34,40045.0,35.66,70629.0,62.4,42556.0,37.6,69265.0,61.97,42498.0,38.03,71810.0,64.61,39336.0,35.39,71449.0,64.17,39897.0,35.83,69622.0,62.65,41514.0,37.35,72450.0,64.6,39694.0,35.4,70853.0,63.46,40805.0,36.54,71914.0,64.39,39777.0,35.61,70986.0,69158.0,73033.0,40896.0,39336.0,44074.0,3875.0,30090.0,118239.0,114201.0,114919.0
36,GATES,3367.0,55.44,2546.0,41.92,3205.0,54.46,2474.0,42.04,3163.0,53.31,2679.0,45.15,3321.0,56.77,2529.0,43.23,3232.0,55.74,2566.0,44.26,3102.0,53.57,2689.0,46.43,3225.0,56.39,2494.0,43.61,3206.0,55.72,2548.0,44.28,3099.0,53.66,2676.0,46.34,3369.0,58.06,2434.0,41.94,3166.0,54.95,2596.0,45.05,3157.0,54.61,2624.0,45.39,3218.0,3099.0,3369.0,2571.0,2434.0,2689.0,270.0,647.0,6073.0,5885.0,5933.0
37,GRAHAM,3710.0,77.94,905.0,19.01,3355.0,73.75,1013.0,22.27,3489.0,75.13,1104.0,23.77,3533.0,78.86,947.0,21.14,3403.0,76.97,1018.0,23.03,3321.0,75.51,1077.0,24.49,3363.0,77.43,980.0,22.57,3412.0,78.15,954.0,21.85,3330.0,76.39,1029.0,23.61,3462.0,78.93,924.0,21.07,3380.0,77.33,991.0,22.67,3405.0,77.74,975.0,22.26,3430.0,3321.0,3710.0,993.0,905.0,1104.0,389.0,2437.0,4760.0,4549.0,4644.0
38,GRANVILLE,16647.0,51.7,14565.0,45.23,15687.0,50.02,14368.0,45.82,15411.0,48.85,15756.0,49.94,16621.0,53.36,14527.0,46.64,15806.0,50.81,15304.0,49.19,15264.0,49.18,15773.0,50.82,16780.0,54.44,14043.0,45.56,16468.0,53.3,14430.0,46.7,15303.0,49.47,15629.0,50.53,17533.0,56.55,13472.0,43.45,16234.0,52.52,14675.0,47.48,16349.0,52.85,14588.0,47.15,16175.0,15264.0,17533.0,14761.0,13472.0,15773.0,2269.0,1414.0,32201.0,31359.0,31548.0
39,GREENE,4874.0,54.85,3832.0,43.12,4591.0,52.78,3842.0,44.17,4678.0,53.55,3991.0,45.69,4866.0,56.28,3780.0,43.72,4609.0,53.54,4000.0,46.46,4387.0,51.09,4200.0,48.91,4735.0,55.46,3803.0,44.54,4733.0,55.27,3830.0,44.73,4297.0,50.12,4277.0,49.88,4947.0,57.57,3646.0,42.43,4656.0,54.26,3925.0,45.74,4717.0,54.91,3874.0,45.09,4674.0,4297.0,4947.0,3917.0,3646.0,4277.0,650.0,757.0,8886.0,8699.0,8735.0
40,GUILFORD,107294.0,37.42,173086.0,60.37,104908.0,37.18,165823.0,58.77,97973.0,34.67,180160.0,63.75,111228.0,39.72,168772.0,60.28,106199.0,38.04,172953.0,61.96,102649.0,37.01,174671.0,62.99,111080.0,40.2,165272.0,59.8,107997.0,39.06,168473.0,60.94,103059.0,37.3,173273.0,62.7,120688.0,43.33,157827.0,56.67,107341.0,38.86,168890.0,61.14,110952.0,40.09,165809.0,59.91,107614.0,97973.0,120688.0,169584.0,157827.0,180160.0,22715.0,-61970.0,286691.0,282137.0,282592.0
41,HALIFAX,10080.0,38.71,15545.0,59.7,9446.0,36.93,15438.0,60.36,9403.0,36.59,16098.0,62.64,9997.0,39.34,15414.0,60.66,9395.0,37.19,15870.0,62.81,9188.0,36.21,16185.0,63.79,9985.0,39.66,15191.0,60.34,9749.0,38.59,15511.0,61.41,9042.0,35.67,16305.0,64.33,10222.0,40.26,15167.0,59.74,9676.0,38.19,15658.0,61.81,9626.0,38.03,15683.0,61.97,9651.0,9042.0,10222.0,15672.0,15167.0,16305.0,1180.0,-6021.0,26039.0,25577.0,25698.0
42,HARNETT,35177.0,59.36,22093.0,37.28,33321.0,57.57,21523.0,37.18,33049.0,56.9,23987.0,41.3,35220.0,61.42,22122.0,38.58,34027.0,59.52,23142.0,40.48,32172.0,56.28,24997.0,43.72,35135.0,61.96,21573.0,38.04,34786.0,61.19,22060.0,38.81,33192.0,58.29,23747.0,41.71,36554.0,63.89,20660.0,36.11,34479.0,60.53,22484.0,39.47,34728.0,61.12,22093.0,38.88,34320.0,32172.0,36554.0,22540.0,20660.0,24997.0,4382.0,11780.0,59262.0,57883.0,58082.0
43,HAYWOOD,22834.0,60.41,13144.0,34.78,21502.0,59.26,13113.0,36.14,21185.0,58.11,14779.0,40.54,23008.0,63.74,13086.0,36.26,22160.0,61.56,13835.0,38.44,21654.0,60.44,14172.0,39.56,22750.0,63.84,12886.0,36.16,22519.0,63.07,13185.0,36.93,21828.0,61.06,13920.0,38.94,23957.0,66.55,12039.0,33.45,22284.0,62.39,13432.0,37.61,22640.0,63.35,13098.0,36.65,22360.0,21185.0,23957.0,13391.0,12039.0,14779.0,2772.0,8969.0,37796.0,36283.0,36459.0
44,HENDERSON,40032.0,57.5,27211.0,39.08,39359.0,57.99,25782.0,37.99,38028.0,55.77,29144.0,42.74,41236.0,61.08,26274.0,38.92,40401.0,60.0,26933.0,40.0,39701.0,59.25,27305.0,40.75,41543.0,62.34,25092.0,37.66,40867.0,61.23,25878.0,38.77,39829.0,59.64,26951.0,40.36,42203.0,62.98,24809.0,37.02,40524.0,60.7,26239.0,39.3,41049.0,61.61,25579.0,38.39,40398.0,38028.0,42203.0,26433.0,24809.0,29144.0,4175.0,13965.0,69624.0,67873.0,68190.0
45,HERTFORD,3479.0,32.45,7097.0,66.2,3305.0,31.8,6815.0,65.58,3282.0,31.06,7212.0,68.24,3416.0,32.87,6976.0,67.13,3291.0,32.03,6985.0,67.97,3133.0,30.32,7201.0,69.68,3503.0,34.26,6722.0,65.74,3328.0,32.41,6941.0,67.59,3158.0,30.64,7148.0,69.36,3447.0,33.39,6877.0,66.61,3265.0,31.72,7028.0,68.28,3268.0,31.75,7025.0,68.25,3323.0,3133.0,3503.0,7002.0,6722.0,7212.0,370.0,-3679.0,10721.0,10392.0,10568.0
46,HOKE,9453.0,42.74,11804.0,53.36,8638.0,40.4,11466.0,53.62,8475.0,39.37,12597.0,58.51,9268.0,43.76,11913.0,56.24,9013.0,42.7,12097.0,57.3,8696.0,41.32,12349.0,58.68,9378.0,44.88,11519.0,55.12,9111.0,43.57,11800.0,56.43,8740.0,41.55,12293.0,58.45,9399.0,44.8,11583.0,55.2,8881.0,42.24,12144.0,57.76,9063.0,43.15,11940.0,56.85,9010.0,8475.0,9453.0,11959.0,11466.0,12597.0,978.0,-2949.0,22120.0,21383.0,21528.0
47,HYDE,1418.0,55.28,1046.0,40.78,1315.0,53.26,1075.0,43.54,1351.0,54.41,1111.0,44.74,1402.0,57.72,1027.0,42.28,1314.0,54.19,1111.0,45.81,1230.0,50.78,1192.0,49.22,1354.0,56.51,1042.0,43.49,1334.0,55.86,1054.0,44.14,1284.0,53.66,1109.0,46.34,1458.0,60.15,966.0,39.85,1310.0,54.61,1089.0,45.39,1320.0,55.0,1080.0,45.0,1341.0,1230.0,1458.0,1075.0,966.0,1192.0,228.0,266.0,2565.0,2469.0,2483.0
48,IREDELL,67010.0,64.14,33888.0,32.44,64319.0,63.44,31893.0,31.46,63962.0,62.71,36375.0,35.66,67190.0,67.12,32907.0,32.88,65349.0,65.49,34432.0,34.51,64367.0,64.86,34874.0,35.14,66902.0,67.89,31643.0,32.11,66237.0,66.97,32674.0,33.03,64501.0,65.08,34615.0,34.92,67681.0,68.1,31699.0,31.9,65814.0,66.41,33295.0,33.59,66514.0,67.33,32277.0,32.67,65820.0,63962.0,67681.0,33381.0,31643.0,36375.0,3719.0,32439.0,104476.0,101386.0,101997.0
49,JACKSON,11356.0,52.18,9591.0,44.07,10763.0,50.68,9382.0,44.17,10519.0,49.28,10406.0,48.75,11644.0,55.14,9474.0,44.86,11144.0,52.95,9904.0,47.05,10879.0,51.78,10131.0,48.22,11664.0,55.79,9242.0,44.21,11326.0,54.12,9602.0,45.88,10896.0,52.15,9997.0,47.85,11731.0,55.84,9276.0,44.16,11169.0,53.33,9773.0,46.67,11311.0,54.15,9577.0,45.85,11200.0,10519.0,11731.0,9696.0,9242.0,10406.0,1212.0,1504.0,21763.0,21239.0,21346.0
50,JOHNSTON,68353.0,59.78,41257.0,36.08,64822.0,58.82,39771.0,36.09,64310.0,57.9,45165.0,40.66,68446.0,62.83,40493.0,37.17,65352.0,60.32,42994.0,39.68,62870.0,58.08,45383.0,41.92,67530.0,63.08,39529.0,36.92,67505.0,62.73,40101.0,37.27,63253.0,58.64,44616.0,41.36,72402.0,66.48,36498.0,33.52,66758.0,61.91,41065.0,38.09,67502.0,62.62,40293.0,37.38,66592.0,62870.0,72402.0,41430.0,36498.0,45383.0,9532.0,25162.0,114343.0,110213.0,111074.0
51,JONES,3280.0,58.49,2197.0,39.18,3046.0,55.85,2124.0,38.94,3128.0,56.75,2333.0,42.33,3266.0,59.99,2178.0,40.01,3126.0,57.86,2277.0,42.14,3041.0,56.19,2371.0,43.81,3205.0,59.62,2171.0,40.38,3189.0,59.14,2203.0,40.86,2949.0,54.59,2453.0,45.41,3291.0,60.78,2124.0,39.22,3135.0,58.0,2270.0,42.0,3210.0,59.47,2188.0,40.53,3156.0,2949.0,3291.0,2241.0,2124.0,2453.0,342.0,915.0,5608.0,5454.0,5512.0
52,LEE,16469.0,53.79,12143.0,39.66,15419.0,53.7,11851.0,41.27,14937.0,51.75,13522.0,46.85,16324.0,57.35,12140.0,42.65,15443.0,54.47,12908.0,45.53,14610.0,51.62,13692.0,48.38,16287.0,58.2,11699.0,41.8,15787.0,56.22,12292.0,43.78,15018.0,53.31,13153.0,46.69,17325.0,61.06,11047.0,38.94,15821.0,56.41,12227.0,43.59,15929.0,56.68,12172.0,43.32,15781.0,14610.0,17325.0,12404.0,11047.0,13692.0,2715.0,3377.0,30618.0,28714.0,28861.0
53,LENOIR,14590.0,35.13,13605.0,32.76,13898.0,49.43,13284.0,47.24,13906.0,49.05,14208.0,50.12,14636.0,52.25,13375.0,47.75,13975.0,50.09,13926.0,49.91,13396.0,48.06,14480.0,51.94,14548.0,52.41,13209.0,47.59,14379.0,51.71,13429.0,48.29,13451.0,48.42,14327.0,51.58,14824.0,53.09,13099.0,46.91,14093.0,50.59,13762.0,49.41,14309.0,51.53,13457.0,48.47,14167.0,13396.0,14824.0,13680.0,13099.0,14480.0,1428.0,487.0,41534.0,28119.0,28348.0
54,LINCOLN,36341.0,70.26,13274.0,25.66,34673.0,69.66,12858.0,25.83,34711.0,69.27,14730.0,29.4,36359.0,73.84,12883.0,26.16,34874.0,71.06,14201.0,28.94,34459.0,70.56,14377.0,29.44,35799.0,73.97,12597.0,26.03,35743.0,73.6,12823.0,26.4,34745.0,71.32,13974.0,28.68,36247.0,74.17,12622.0,25.83,35585.0,73.06,13119.0,26.94,35833.0,73.72,12772.0,26.28,35447.0,34459.0,36359.0,13352.0,12597.0,14730.0,1900.0,22095.0,51722.0,49776.0,50108.0
55,MACON,14211.0,66.16,6230.0,29.01,13408.0,65.35,6248.0,30.45,13333.0,64.46,7062.0,34.14,14222.0,69.88,6129.0,30.12,13778.0,67.82,6537.0,32.18,13457.0,66.66,6730.0,33.34,13864.0,69.27,6150.0,30.73,13967.0,69.55,6116.0,30.45,13580.0,67.54,6526.0,32.46,14152.0,70.24,5997.0,29.76,13788.0,68.61,6307.0,31.39,13883.0,69.11,6206.0,30.89,13804.0,13333.0,14222.0,6353.0,5997.0,7062.0,889.0,7451.0,21479.0,20517.0,20684.0
56,MADISON,7979.0,60.39,4901.0,37.1,7399.0,57.17,4987.0,38.53,7352.0,56.33,5489.0,42.06,7832.0,61.05,4996.0,38.95,7505.0,58.68,5284.0,41.32,7306.0,57.5,5401.0,42.5,7688.0,60.99,4917.0,39.01,7540.0,59.67,5097.0,40.33,7454.0,58.81,5220.0,41.19,7950.0,62.28,4814.0,37.72,7577.0,59.87,5079.0,40.13,7567.0,59.73,5102.0,40.27,7596.0,7306.0,7979.0,5107.0,4814.0,5489.0,673.0,2489.0,13212.0,12943.0,13051.0
57,MARTIN,6532.0,51.13,5911.0,46.27,6034.0,48.57,5973.0,48.08,6154.0,49.18,6277.0,50.16,6500.0,52.73,5827.0,47.27,6068.0,49.36,6225.0,50.64,5764.0,46.95,6512.0,53.05,6257.0,51.24,5954.0,48.76,6209.0,50.82,6008.0,49.18,5730.0,46.81,6511.0,53.19,6656.0,54.1,5647.0,45.9,6219.0,50.78,6028.0,49.22,6239.0,50.92,6014.0,49.08,6197.0,5730.0,6656.0,6074.0,5647.0,6512.0,926.0,123.0,12776.0,12424.0,12513.0
58,MCDOWELL,16883.0,71.66,5832.0,24.75,15894.0,69.87,5934.0,26.09,15761.0,68.83,6851.0,29.92,16808.0,74.39,5787.0,25.61,16259.0,72.05,6306.0,27.95,15989.0,71.31,6434.0,28.69,16352.0,73.55,5879.0,26.45,16447.0,73.81,5837.0,26.19,16059.0,71.85,6293.0,28.15,16900.0,75.17,5582.0,24.83,17026.0,75.46,5537.0,24.54,16457.0,73.72,5868.0,26.28,16403.0,15761.0,17026.0,6012.0,5537.0,6851.0,1265.0,10391.0,23559.0,22747.0,22900.0
59,MECKLENBURG,179211.0,31.27,378107.0,65.97,186693.0,33.18,350775.0,62.34,171123.0,30.32,382726.0,67.81,192445.0,34.55,364571.0,65.45,186985.0,33.62,369137.0,66.38,182318.0,32.96,370853.0,67.04,206365.0,37.57,342923.0,62.43,192718.0,35.0,357863.0,65.0,183536.0,33.32,367221.0,66.68,197214.0,35.74,354520.0,64.26,187945.0,34.14,362580.0,65.86,197778.0,35.97,352076.0,64.03,188694.0,171123.0,206365.0,362779.0,342923.0,382726.0,35242.0,-174085.0,573130.0,562672.0,564433.0
60,MITCHELL,7090.0,77.2,1867.0,20.33,6735.0,75.32,1919.0,21.46,6827.0,75.85,2090.0,23.22,7063.0,79.49,1822.0,20.51,6830.0,77.43,1991.0,22.57,6761.0,77.15,2002.0,22.85,6769.0,77.99,1910.0,22.01,6876.0,78.88,1841.0,21.12,6805.0,77.99,1921.0,22.01,7161.0,81.31,1646.0,18.69,7026.0,79.62,1798.0,20.38,6855.0,78.67,1859.0,21.33,6900.0,6735.0,7161.0,1889.0,1646.0,2090.0,426.0,5011.0,9184.0,8942.0,9001.0
61,MONTGOMERY,8411.0,63.89,4327.0,32.87,7741.0,60.95,4379.0,34.48,7622.0,59.43,5069.0,39.52,8347.0,66.22,4258.0,33.78,7869.0,63.08,4606.0,36.92,7711.0,61.67,4792.0,38.33,8071.0,64.77,4390.0,35.23,8027.0,64.46,4425.0,35.54,7852.0,62.92,4628.0,37.08,8528.0,67.79,4052.0,32.21,8095.0,64.71,4415.0,35.29,7846.0,62.67,4673.0,37.33,8010.0,7622.0,8528.0,4501.0,4052.0,5069.0,906.0,3509.0,13165.0,12700.0,12826.0
62,MOORE,36764.0,62.01,20779.0,35.05,35682.0,61.71,19633.0,33.95,34311.0,59.03,22974.0,39.52,36926.0,64.98,19903.0,35.02,35954.0,63.36,20790.0,36.64,35210.0,62.41,21210.0,37.59,36829.0,65.96,19009.0,34.04,36393.0,65.06,19548.0,34.94,35039.0,62.44,21076.0,37.56,38338.0,67.91,18113.0,32.09,36248.0,64.68,19791.0,35.32,36518.0,65.29,19412.0,34.71,36184.0,34311.0,38338.0,20186.0,18113.0,22974.0,4027.0,15998.0,59287.0,57823.0,58127.0
63,NASH,25827.0,48.05,25947.0,48.27,24719.0,47.63,25474.0,49.09,24062.0,46.1,27692.0,53.06,26023.0,50.3,25713.0,49.7,24380.0,47.19,27284.0,52.81,23876.0,46.29,27699.0,53.71,26125.0,50.99,25106.0,49.01,25360.0,49.37,26003.0,50.63,20745.0,40.32,30712.0,59.68,27113.0,52.46,24568.0,47.54,25496.0,49.57,25937.0,50.43,25607.0,49.85,25761.0,50.15,24944.0,20745.0,27113.0,26491.0,24568.0,30712.0,6368.0,-1547.0,53755.0,51895.0,52194.0
64,NEW HANOVER,63331.0,47.36,66138.0,49.46,61415.0,47.13,61702.0,47.35,59305.0,45.18,69554.0,52.98,64918.0,50.48,63691.0,49.52,61959.0,48.26,66431.0,51.74,60529.0,47.49,66924.0,52.51,65295.0,51.86,60610.0,48.14,63383.0,50.13,63063.0,49.87,60965.0,48.21,65495.0,51.79,65378.0,51.47,61641.0,48.53,62320.0,49.15,64472.0,50.85,64896.0,51.38,61407.0,48.62,62808.0,59305.0,65378.0,64261.0,60610.0,69554.0,6073.0,-1453.0,133724.0,130318.0,131276.0
65,NORTHAMPTON,3989.0,39.09,6069.0,59.48,3720.0,37.16,6005.0,59.98,3689.0,36.58,6313.0,62.6,3883.0,38.94,6089.0,61.06,3734.0,37.58,6203.0,62.42,3619.0,36.45,6311.0,63.55,3892.0,39.53,5953.0,60.47,3782.0,38.33,6084.0,61.67,3539.0,35.76,6357.0,64.24,4014.0,40.48,5902.0,59.52,3753.0,37.99,6126.0,62.01,3809.0,38.46,6094.0,61.54,3785.0,3539.0,4014.0,6126.0,5902.0,6357.0,475.0,-2341.0,10204.0,10011.0,10084.0
66,ONSLOW,46078.0,62.67,24266.0,33.01,42868.0,60.21,23344.0,32.79,43838.0,61.33,25653.0,35.89,45953.0,65.77,23914.0,34.23,45316.0,64.81,24605.0,35.19,43743.0,63.19,25480.0,36.81,44940.0,65.52,23646.0,34.48,45094.0,65.56,23694.0,34.44,43653.0,63.35,25250.0,36.65,45521.0,65.96,23495.0,34.04,43833.0,63.78,24888.0,36.22,45377.0,65.87,23514.0,34.13,44684.0,42868.0,46078.0,24312.0,23344.0,25653.0,3210.0,20372.0,73519.0,71202.0,71478.0
67,ORANGE,20176.0,23.35,63594.0,73.59,20862.0,24.68,61214.0,72.42,18810.0,22.18,65042.0,76.69,21755.0,26.0,61918.0,74.0,20403.0,24.38,63292.0,75.62,20071.0,24.12,63151.0,75.88,23179.0,28.05,59455.0,71.95,21523.0,25.97,61350.0,74.03,20059.0,24.19,62868.0,75.81,24750.0,29.84,58194.0,70.16,21221.0,25.62,61599.0,74.38,22164.0,26.77,60640.0,73.23,21248.0,18810.0,24750.0,61860.0,58194.0,65042.0,5940.0,-40612.0,86416.0,84525.0,84815.0
68,PAMLICO,4849.0,62.62,2713.0,35.03,4589.0,60.53,2681.0,35.36,4672.0,61.26,2881.0,37.78,4876.0,64.52,2681.0,35.48,4777.0,63.44,2753.0,36.56,4637.0,61.62,2888.0,38.38,4790.0,63.93,2702.0,36.07,4819.0,64.29,2677.0,35.71,4518.0,60.13,2996.0,39.87,4963.0,66.09,2547.0,33.91,4723.0,62.96,2779.0,37.04,4819.0,64.24,2683.0,35.76,4753.0,4518.0,4963.0,2748.0,2547.0,2996.0,445.0,2005.0,7744.0,7581.0,7626.0
69,PASQUOTANK,9770.0,46.85,9832.0,47.15,9491.0,48.31,9421.0,47.95,9449.0,47.7,10061.0,50.78,9833.0,50.28,9725.0,49.72,9591.0,49.24,9886.0,50.76,9289.0,47.73,10173.0,52.27,9911.0,51.21,9442.0,48.79,9662.0,49.85,9721.0,50.15,9291.0,47.83,10133.0,52.17,9914.0,51.12,9481.0,48.88,9464.0,48.83,9916.0,51.17,9557.0,49.27,9841.0,50.73,9602.0,9289.0,9914.0,9803.0,9421.0,10173.0,625.0,-201.0,20853.0,19648.0,19811.0
70,PENDER,21956.0,63.29,11723.0,33.79,20660.0,61.2,11272.0,33.39,20854.0,61.33,12599.0,37.05,21897.0,65.53,11517.0,34.47,21205.0,63.75,12059.0,36.25,20855.0,62.91,12293.0,37.09,21482.0,65.26,11437.0,34.74,21446.0,64.88,11611.0,35.12,20902.0,63.28,12127.0,36.72,21887.0,66.21,11170.0,33.79,20996.0,63.63,12001.0,36.37,21815.0,65.99,11244.0,34.01,21330.0,20660.0,21956.0,11754.0,11170.0,12599.0,1296.0,9576.0,34693.0,33759.0,34005.0
71,PERQUIMANS,4903.0,65.06,2492.0,33.07,4817.0,64.87,2382.0,32.08,4756.0,63.66,2637.0,35.3,4957.0,66.72,2473.0,33.28,4858.0,65.73,2533.0,34.27,4698.0,63.67,2681.0,36.33,4905.0,66.69,2450.0,33.31,4845.0,65.8,2518.0,34.2,4711.0,63.87,2665.0,36.13,4984.0,67.4,2411.0,32.6,4828.0,65.65,2526.0,34.35,4697.0,63.73,2673.0,36.27,4830.0,4697.0,4984.0,2537.0,2382.0,2681.0,287.0,2293.0,7536.0,7426.0,7471.0
72,PERSON,13184.0,58.83,8465.0,37.77,12192.0,56.49,8475.0,39.27,12296.0,56.38,9301.0,42.65,13009.0,61.1,8283.0,38.9,12159.0,57.68,8921.0,42.32,11694.0,55.67,9312.0,44.33,12498.0,60.31,8225.0,39.69,12463.0,59.95,8326.0,40.05,11747.0,56.17,9165.0,43.83,13578.0,63.94,7659.0,36.06,12387.0,59.29,8505.0,40.71,12477.0,59.73,8411.0,40.27,12474.0,11694.0,13578.0,8587.0,7659.0,9312.0,1884.0,3887.0,22412.0,21582.0,21809.0
73,PITT,38982.0,43.59,47252.0,52.84,37947.0,43.67,45598.0,52.47,37210.0,42.58,48995.0,56.07,40176.0,46.55,46128.0,53.45,38177.0,44.39,47822.0,55.61,36736.0,42.84,49010.0,57.16,39776.0,46.72,45368.0,53.28,38853.0,45.43,46665.0,54.57,35758.0,41.71,49964.0,58.29,41004.0,47.91,44583.0,52.09,38297.0,44.74,47299.0,55.26,39363.0,46.04,46132.0,53.96,38523.0,35758.0,41004.0,47068.0,44583.0,49964.0,5246.0,-8545.0,89430.0,86901.0,87388.0
74,POLK,7689.0,61.0,4518.0,35.85,7394.0,60.35,4436.0,36.21,7280.0,59.19,4863.0,39.54,7736.0,63.56,4436.0,36.44,7571.0,62.5,4542.0,37.5,7417.0,61.64,4616.0,38.36,7636.0,63.93,4309.0,36.07,7616.0,63.46,4386.0,36.54,7460.0,62.06,4560.0,37.94,7711.0,64.02,4333.0,35.98,7550.0,62.79,4474.0,37.21,7599.0,63.36,4394.0,36.64,7555.0,7280.0,7736.0,4489.0,4309.0,4863.0,456.0,3066.0,12604.0,12252.0,12299.0
75,RANDOLPH,56894.0,76.07,15618.0,20.88,53357.0,73.52,15973.0,22.01,53176.0,72.93,18929.0,25.96,56749.0,78.53,15516.0,21.47,54853.0,76.27,17067.0,23.73,54285.0,75.82,17312.0,24.18,54641.0,76.54,16748.0,23.46,55531.0,77.92,15732.0,22.08,54501.0,76.33,16900.0,23.67,57828.0,80.34,14149.0,19.66,55298.0,77.54,16017.0,22.46,56275.0,78.68,15249.0,21.32,55282.0,53176.0,57828.0,16268.0,14149.0,18929.0,4652.0,39014.0,74794.0,72570.0,72913.0
76,RICHMOND,11830.0,56.35,8754.0,41.7,11002.0,53.85,8510.0,41.65,10740.0,52.06,9622.0,46.64,11457.0,56.68,8755.0,43.32,10958.0,54.45,9168.0,45.55,10434.0,52.13,9580.0,47.87,11367.0,57.22,8497.0,42.78,11119.0,55.84,8792.0,44.16,10688.0,53.52,9283.0,46.48,11540.0,57.56,8509.0,42.44,10967.0,54.93,8997.0,45.07,9330.0,45.9,10998.0,54.1,10953.0,9330.0,11830.0,9122.0,8497.0,10998.0,2500.0,1831.0,20995.0,20430.0,20631.0
77,ROBESON,27806.0,58.38,19020.0,39.94,25211.0,54.87,19135.0,41.64,23888.0,51.27,22281.0,47.82,25712.0,56.79,19565.0,43.21,24415.0,54.31,20543.0,45.69,22819.0,50.89,22017.0,49.11,24640.0,55.4,19833.0,44.6,24615.0,55.1,20062.0,44.9,23448.0,52.37,21327.0,47.63,25440.0,56.83,19327.0,43.17,24079.0,53.75,20717.0,46.25,24411.0,54.35,20505.0,45.65,24707.0,22819.0,27806.0,20361.0,19020.0,22281.0,4987.0,4346.0,47627.0,45949.0,46590.0
78,ROCKINGHAM,31301.0,64.41,15992.0,32.91,28971.0,61.23,16189.0,34.22,28891.0,60.63,18197.0,38.19,31170.0,66.26,15871.0,33.74,29959.0,63.81,16993.0,36.19,29355.0,62.86,17342.0,37.14,30302.0,65.18,16191.0,34.82,30022.0,64.36,16623.0,35.64,29631.0,63.68,16900.0,36.32,32616.0,69.49,14323.0,30.51,30328.0,65.17,16206.0,34.83,30495.0,65.38,16149.0,34.62,30253.0,28891.0,32616.0,16415.0,14323.0,18197.0,3725.0,13838.0,48596.0,47313.0,47652.0
79,ROWAN,49297.0,65.04,23114.0,30.5,46446.0,63.85,22615.0,31.09,46676.0,63.75,25473.0,34.79,49231.0,68.16,22995.0,31.84,47336.0,65.66,24753.0,34.34,46930.0,65.36,24869.0,34.64,48617.0,68.29,22577.0,31.71,48740.0,68.19,22735.0,31.81,47294.0,66.06,24302.0,33.94,50391.0,70.24,21346.0,29.76,48373.0,67.55,23238.0,32.45,49083.0,68.44,22632.0,31.56,48201.0,46446.0,50391.0,23387.0,21346.0,25473.0,3945.0,24814.0,75793.0,72748.0,73219.0
80,RUTHERFORD,24891.0,71.41,9135.0,26.21,23596.0,69.26,9136.0,26.82,23437.0,68.38,10469.0,30.54,24672.0,72.89,9176.0,27.11,24198.0,71.65,9573.0,28.35,23748.0,70.64,9870.0,29.36,24263.0,72.64,9140.0,27.36,24255.0,72.4,9245.0,27.6,23995.0,71.63,9505.0,28.37,24803.0,73.74,8831.0,26.26,24250.0,72.25,9315.0,27.75,24237.0,72.47,9205.0,27.53,24195.0,23437.0,24891.0,9383.0,8831.0,10469.0,1454.0,14812.0,34858.0,34067.0,34276.0
81,SAMPSON,17411.0,60.03,10966.0,37.81,16521.0,58.25,10818.0,38.15,16404.0,57.48,11890.0,41.66,17254.0,61.17,10951.0,38.83,16634.0,59.19,11470.0,40.81,16092.0,57.24,12022.0,42.76,16978.0,60.92,10890.0,39.08,17006.0,60.84,10944.0,39.16,16361.0,58.37,11668.0,41.63,17817.0,63.44,10270.0,36.56,16894.0,60.32,11113.0,39.68,17022.0,60.68,11031.0,39.32,16866.0,16092.0,17817.0,11169.0,10270.0,12022.0,1725.0,5697.0,29003.0,28360.0,28538.0
82,SCOTLAND,7473.0,49.46,7186.0,47.56,7066.0,48.86,6850.0,47.37,6821.0,46.57,7671.0,52.37,7257.0,50.53,7105.0,49.47,7025.0,49.2,7253.0,50.8,6662.0,46.65,7620.0,53.35,7176.0,50.62,6999.0,49.38,7033.0,49.6,7146.0,50.4,6696.0,47.14,7508.0,52.86,7356.0,51.56,6911.0,48.44,6950.0,48.84,7281.0,51.16,6819.0,47.89,7421.0,52.11,7028.0,6662.0,7473.0,7246.0,6850.0,7671.0,811.0,-218.0,15109.0,14461.0,14647.0
83,STANLY,25458.0,67.54,8129.0,21.57,23891.0,71.17,8045.0,23.96,24022.0,71.04,9413.0,27.84,25112.0,75.72,8054.0,24.28,24064.0,72.83,8978.0,27.17,23835.0,72.39,9093.0,27.61,24665.0,75.49,8010.0,24.51,24618.0,75.13,8149.0,24.87,24149.0,73.44,8733.0,26.56,25510.0,77.14,7561.0,22.86,24708.0,75.17,8162.0,24.83,24600.0,74.77,8299.0,25.23,24553.0,23835.0,25510.0,8386.0,7561.0,9413.0,1675.0,16167.0,37692.0,33571.0,33816.0
84,STOKES,20142.0,76.76,5286.0,20.14,18599.0,72.99,5611.0,22.02,18849.0,73.4,6567.0,25.57,20041.0,79.0,5328.0,21.0,19359.0,76.59,5916.0,23.41,18984.0,75.45,6178.0,24.55,19393.0,77.39,5666.0,22.61,19528.0,77.99,5510.0,22.01,19068.0,76.12,5981.0,23.88,20394.0,80.98,4790.0,19.02,19464.0,77.69,5588.0,22.31,19616.0,78.14,5489.0,21.86,19453.0,18599.0,20394.0,5659.0,4790.0,6567.0,1795.0,13794.0,26240.0,25480.0,25681.0
85,SURRY,27538.0,73.89,8721.0,23.4,25475.0,70.17,9267.0,25.53,25366.0,69.31,10872.0,29.71,27262.0,75.48,8854.0,24.52,26451.0,73.33,9621.0,26.67,25794.0,71.8,10129.0,28.2,26700.0,74.62,9083.0,25.38,26699.0,74.66,9062.0,25.34,25981.0,72.66,9777.0,27.34,28008.0,77.76,8011.0,22.24,26694.0,74.56,9108.0,25.44,26828.0,75.04,8925.0,24.96,26566.0,25366.0,28008.0,9286.0,8011.0,10872.0,2642.0,17280.0,37267.0,36303.0,36599.0
86,SWAIN,4161.0,56.71,2780.0,37.89,3846.0,55.17,2696.0,38.67,3847.0,54.73,3043.0,43.29,4142.0,60.48,2706.0,39.52,3944.0,57.84,2875.0,42.16,3857.0,56.95,2916.0,43.05,4031.0,60.21,2664.0,39.79,3978.0,59.27,2734.0,40.73,3868.0,57.38,2873.0,42.62,4111.0,60.62,2671.0,39.38,3943.0,58.48,2799.0,41.52,3970.0,58.9,2770.0,41.1,3975.0,3846.0,4161.0,2794.0,2664.0,3043.0,315.0,1181.0,7337.0,6971.0,7029.0
87,TRANSYLVANIA,11636.0,56.5,8444.0,41.0,11209.0,55.48,8158.0,40.38,10800.0,53.14,9226.0,45.39,11858.0,59.01,8238.0,40.99,11494.0,57.42,8525.0,42.58,11196.0,56.17,8735.0,43.83,11799.0,59.65,7983.0,40.35,11653.0,58.74,8184.0,41.26,11286.0,56.87,8560.0,43.13,12111.0,60.84,7794.0,39.16,11565.0,58.39,8241.0,41.61,11683.0,59.11,8083.0,40.89,11524.0,10800.0,12111.0,8348.0,7794.0,9226.0,1311.0,3176.0,20593.0,20205.0,20325.0
88,TYRRELL,1044.0,56.55,758.0,41.06,945.0,52.97,778.0,43.61,975.0,54.11,811.0,45.01,1015.0,57.8,741.0,42.2,940.0,53.96,802.0,46.04,887.0,51.04,851.0,48.96,1003.0,58.21,720.0,41.79,976.0,56.58,749.0,43.42,910.0,52.39,827.0,47.61,1059.0,60.24,699.0,39.76,959.0,55.15,780.0,44.85,949.0,54.6,789.0,45.4,972.0,887.0,1059.0,775.0,699.0,851.0,172.0,197.0,1846.0,1784.0,1802.0
89,UNION,80382.0,60.54,48725.0,36.7,79645.0,61.34,45096.0,34.73,77305.0,59.25,51306.0,39.32,81416.0,63.7,46400.0,36.3,79594.0,62.22,48331.0,37.78,79040.0,62.09,48263.0,37.91,81471.0,64.68,44491.0,35.32,80622.0,63.7,45938.0,36.3,78852.0,62.38,47560.0,37.62,81608.0,64.45,45019.0,35.55,79957.0,63.28,46399.0,36.72,81253.0,64.35,45021.0,35.65,80095.0,77305.0,81608.0,46879.0,44491.0,51306.0,4303.0,33216.0,132765.0,129844.0,130471.0
90,VANCE,8391.0,39.61,12431.0,58.69,7876.0,37.84,12247.0,58.84,7608.0,36.32,13160.0,62.82,8287.0,40.05,12407.0,59.95,7779.0,37.59,12918.0,62.41,7367.0,35.71,13265.0,64.29,8449.0,41.24,12039.0,58.76,8172.0,39.82,12348.0,60.18,7623.0,37.13,12905.0,62.87,8748.0,42.35,11910.0,57.65,8063.0,39.24,12483.0,60.76,8064.0,39.16,12530.0,60.84,8036.0,7367.0,8748.0,12554.0,11910.0,13265.0,1381.0,-4518.0,21182.0,20815.0,20950.0
91,WAKE,226197.0,34.94,393336.0,60.76,232388.0,37.05,367718.0,58.63,209183.0,33.22,410386.0,65.17,240082.0,38.68,380586.0,61.32,228629.0,36.86,391571.0,63.14,220550.0,35.8,395505.0,64.2,250945.0,41.0,361110.0,59.0,236259.0,38.75,373437.0,61.25,219386.0,35.76,394184.0,64.24,272502.0,44.21,343904.0,55.79,234033.0,38.3,377012.0,61.7,242235.0,39.61,369348.0,60.39,234366.0,209183.0,272502.0,379841.0,343904.0,410386.0,63319.0,-145475.0,647314.0,627229.0,629673.0
92,WARREN,3752.0,36.12,6400.0,61.61,3520.0,34.3,6437.0,62.72,3497.0,33.97,6716.0,65.24,3733.0,36.38,6527.0,63.62,3533.0,34.49,6711.0,65.51,3468.0,33.79,6794.0,66.21,3882.0,37.94,6349.0,62.06,3728.0,36.42,6508.0,63.58,3502.0,34.23,6728.0,65.77,3974.0,38.76,6279.0,61.24,3710.0,36.29,6514.0,63.71,3681.0,36.02,6537.0,63.98,3665.0,3468.0,3974.0,6542.0,6279.0,6794.0,506.0,-2877.0,10388.0,10263.0,10295.0
93,WASHINGTON,2781.0,44.35,3396.0,54.16,2584.0,42.05,3329.0,54.17,2623.0,42.37,3531.0,57.03,2762.0,45.14,3357.0,54.86,2607.0,42.81,3483.0,57.19,2525.0,41.54,3554.0,58.46,2738.0,45.33,3302.0,54.67,2702.0,44.59,3357.0,55.41,2538.0,41.76,3540.0,58.24,2843.0,46.71,3244.0,53.29,2647.0,43.56,3429.0,56.44,2625.0,43.15,3459.0,56.85,2665.0,2525.0,2843.0,3415.0,3244.0,3554.0,318.0,-750.0,6270.0,6145.0,6191.0
94,WATAUGA,14451.0,43.5,17122.0,51.54,14216.0,44.6,16193.0,50.8,13790.0,43.04,17642.0,55.06,14856.0,47.48,16436.0,52.52,14309.0,45.8,16936.0,54.2,13874.0,44.87,17045.0,55.13,15040.0,49.18,15544.0,50.82,14382.0,46.82,16336.0,53.18,14011.0,45.58,16725.0,54.42,15270.0,49.41,15635.0,50.59,14459.0,47.04,16277.0,52.96,14733.0,47.95,15994.0,52.05,14449.0,13790.0,15270.0,16490.0,15544.0,17642.0,1480.0,-2041.0,33223.0,31878.0,32040.0
95,WAYNE,30709.0,53.49,24215.0,42.18,29174.0,53.1,23528.0,42.82,29056.0,52.53,25589.0,46.26,30641.0,56.07,24002.0,43.93,29648.0,54.36,24896.0,45.64,28591.0,52.55,25819.0,47.45,30551.0,56.66,23371.0,43.34,30363.0,56.08,23783.0,43.92,28809.0,53.15,25396.0,46.85,31667.0,58.15,22795.0,41.85,29993.0,55.29,24254.0,44.71,30184.0,55.71,23996.0,44.29,29949.0,28591.0,31667.0,24304.0,22795.0,25819.0,3076.0,5645.0,57406.0,54944.0,55316.0
96,WILKES,27592.0,76.98,7511.0,20.96,25488.0,72.67,8074.0,23.02,25469.0,72.05,9537.0,26.98,27260.0,78.32,7547.0,21.68,26321.0,75.84,8387.0,24.16,25920.0,75.21,8542.0,24.79,26146.0,76.16,8183.0,23.84,26672.0,77.7,7654.0,22.3,25992.0,75.78,8309.0,24.22,27748.0,80.11,6889.0,19.89,26618.0,77.38,7781.0,22.62,26750.0,77.85,7610.0,22.15,26498.0,25469.0,27748.0,8002.0,6889.0,9537.0,2279.0,18496.0,35841.0,35073.0,35350.0
97,WILSON,19581.0,47.23,20754.0,50.06,18642.0,46.13,20445.0,50.59,18305.0,44.99,22014.0,54.11,19617.0,48.69,20669.0,51.31,18519.0,46.09,21665.0,53.91,17895.0,44.57,22259.0,55.43,19784.0,49.63,20075.0,50.37,19095.0,47.78,20870.0,52.22,17801.0,44.5,22197.0,55.5,20425.0,50.84,19748.0,49.16,19155.0,47.87,20857.0,52.13,19289.0,48.28,20662.0,51.72,19009.0,17801.0,20425.0,21018.0,19748.0,22259.0,2624.0,-2009.0,41459.0,40411.0,40685.0
98,YADKIN,15933.0,77.86,3763.0,18.39,14798.0,74.86,4036.0,20.42,14910.0,74.92,4777.0,24.01,15894.0,80.81,3774.0,19.19,15379.0,78.42,4231.0,21.58,15134.0,77.49,4396.0,22.51,15515.0,79.6,3976.0,20.4,15585.0,80.1,3871.0,19.9,15201.0,78.11,4261.0,21.89,16290.0,83.11,3311.0,16.89,15581.0,80.01,3894.0,19.99,15666.0,80.35,3831.0,19.65,15490.0,14798.0,16290.0,4010.0,3311.0,4777.0,1492.0,11480.0,20463.0,19768.0,19900.0
99,YANCEY,7516.0,66.21,3688.0,32.49,7038.0,62.39,3833.0,33.98,7105.0,62.47,4147.0,36.46,7432.0,66.37,3766.0,33.63,7201.0,64.53,3958.0,35.47,7013.0,63.35,4058.0,36.65,7127.0,65.04,3831.0,34.96,7149.0,64.91,3864.0,35.09,6826.0,63.14,3985.0,36.86,7440.0,67.12,3644.0,32.88,7138.0,64.71,3892.0,35.29,7138.0,64.67,3899.0,35.33,7177.0,6826.0,7516.0,3880.0,3644.0,4147.0,690.0,3297.0,11352.0,11280.0,11374.0
100,Statewide,2758773.0,48.85,2684292.0,47.53,2665598.0,48.69,2569965.0,46.94,2586604.0,47.01,2834790.0,51.52,2800655.0,51.63,2623458.0,48.37,2699777.0,49.87,2713400.0,50.13,2630557.0,48.84,2755570.0,51.16,2812797.0,52.58,2537019.0,47.42,2753219.0,51.38,2605169.0,48.62,2635824.0,49.12,2730175.0,50.88,2901848.0,53.86,2485722.0,46.14,2726618.0,50.83,2637528.0,49.17,2775487.0,51.76,2586464.0,48.24,2728979.0,2561468.0,2917848.0,2646957.0,2467684.0,2846321.0,356380.0,82022.0,5647793.0,5474952.0,5502777.0
